table_columns,profile,mode,build,repetition,initialization_seconds,first_query_seconds,initialization_plus_first_seconds,second_query_seconds,session_seconds,profiling_parquet_bytes,profiling_parquet_requests,first_query_parquet_bytes,first_query_parquet_requests,first_query_parquet_peak_requests,second_query_parquet_bytes,second_query_parquet_requests,second_query_parquet_peak_requests,session_http_body_bytes,session_http_requests,session_peak_http_requests,process_cpu_seconds,peak_rss_bytes,source_sample,source_sample_sha256
416,primary,off,v3,0,1.554955043,10.349518477,11.90447352,10.375342496,22.280900741,0,0,172926686,40,12,172926686,40,15,359736599,101,15,1.735716,361943040,416-v3-primary/off-timing-0/sample.json,ddc554aaeba632910ee4d73393fb06359d929ca2bf13a243e61509e688fe7254
416,primary,auto,v5,0,3.556534142,7.376584785,10.933118927,7.286571064,18.220482864,14155776,396,81908881,15070,512,81908881,15070,512,192062083,30556,512,5.592056,348864512,416-v5-primary/auto-timing-0/sample.json,6d6b0289ce589b0419a7a864f6b27789eb2bf346ea415613fd3eb50fdd92b142
416,primary,auto,v5,1,3.540969018,7.365697751,10.906666769000001,7.275493784,18.183304449,14155776,396,81908881,15070,512,81908881,15070,512,191975145,30557,512,5.532768,414965760,416-v5-primary/auto-timing-1/sample.json,b8410834d2c10e98055966b26440afa221d0823420d63088a40d04c59b451088
416,primary,auto,v5,2,3.541375247,7.289887253,10.8312625,7.360375254,18.192720366,14155776,396,81908881,15070,512,81908881,15070,512,191950762,30556,512,5.563715,369364992,416-v5-primary/auto-timing-2/sample.json,c9c7a6b5eca3aedb07745e22f2d85bf35878a9b9672334e97529729199dc2dd4
416,low,off,v3,0,0.290668022,1.44286949,1.733537512,1.434916879,3.169421006,0,0,172926686,40,10,172926686,40,12,359941010,99,12,1.153921,383483904,416-v3-low/off-timing-0/sample.json,e384f946f7c51466055c6d67b3a7a208d9b2067c0dee1b3ec057bf88b7703af8
416,low,auto,v5,0,0.621128236,1.456128318,2.077256554,1.438576251,3.516965078,14155776,396,172926686,40,11,172926686,40,11,374098724,497,127,1.192784,410726400,416-v5-low/auto-timing-0/sample.json,bc847d32b72d4e4285890c645215031f944800214318e91b9e413d0a11130651
416,low,auto,v5,1,0.595890624,1.45575336,2.051643984,1.502809644,3.555626537,14155776,396,172926686,40,12,172926686,40,10,373968655,497,127,1.228129,405532672,416-v5-low/auto-timing-1/sample.json,e7da3fc21f55327e95311cd742c46cde1ae6d57f1d7a0de2a0bcdc8da22ad7b2
416,low,auto,v5,2,0.59228658,1.466402091,2.058688671,1.475137747,3.534916995,14155776,396,172926686,40,11,172926686,40,11,374096638,495,127,1.149219,378589184,416-v5-low/auto-timing-2/sample.json,683aed4c1242184e29ef675e8197f0b12db61efe9b3ac2c4e89bce252d80671d
90,primary,off,v3,0,0.901239192,22.31349536,23.214734552,22.314310649,45.529683697,0,0,398034010,54,18,398034010,54,18,797716441,128,18,3.960743,581292032,90-v3-primary/off-timing-0/sample.json,3c9a18275cf767d3ff59bfbba7491b155d9de7c6b31838600f2869e7e2602045
90,primary,auto,v5,0,2.87424428,11.150317844,14.024562124,11.174472731,25.199585638,14155776,396,127835363,24484,512,127835363,24484,512,271507687,49384,512,8.927801,451899392,90-v5-primary/auto-timing-0/sample.json,03bd0e288a2561dd6e4d57ae295a4a48fece4252c8a3c04c7aa86d8a023645d1
90,primary,auto,v5,1,2.870610464,11.138332888,14.008943352000001,11.210657081,25.220193555,14155776,396,128825688,24366,512,128825688,24366,512,273488279,49148,512,8.875581,448253952,90-v5-primary/auto-timing-1/sample.json,62cf2aa8cba7f458d94296919f0df6e23f2d3c2e83eaca8ed2abec5931fe4328
90,primary,auto,v5,2,2.874860907,11.204281367,14.079142274,11.197934183,25.277867305,14155776,396,127835363,24484,512,127835363,24484,512,271546075,49385,512,8.882602,485031936,90-v5-primary/auto-timing-2/sample.json,db543c0d2acf4ea0640d14b3bb030d80d520c4d0f9280416639036ab63c3347f
90,low,off,v3,0,0.069272467,3.305636376,3.374908843,3.251061703,6.626743954,0,0,398034010,54,18,398034010,54,17,798027330,129,18,2.1994,627634176,90-v3-low/off-timing-0/sample.json,64e50af0d46d09d8a39b7f88587cf794133a1860ef776fa5409d7f2752aa9cb9
90,low,auto,v5,0,0.365985245,3.320025986,3.686011231,3.260032981,6.946572422,14155776,396,398034010,54,18,398034010,54,17,812180981,524,127,2.152271,632516608,90-v5-low/auto-timing-0/sample.json,19bb59b92ef88c3ca2c74194dc58ef4f0a46dbe45a66ffc98b665d0ab3d447af
90,low,auto,v5,1,0.367142304,3.329112082,3.696254386,3.326706422,7.023531258,14155776,396,398034010,54,17,398034010,54,17,812174898,526,127,2.0751,606830592,90-v5-low/auto-timing-1/sample.json,12de3fdcdf7aa495226f0c492fe6447751ba2d686febd4f3d88f25cc7d8e8b41
90,low,auto,v5,2,0.368412625,3.344914145,3.71332677,3.266059619,6.980142764,14155776,396,398034010,54,17,398034010,54,17,812183048,525,127,2.180902,618123264,90-v5-low/auto-timing-2/sample.json,c673084d6058d8a463a044c44852cab75ce48a1ab167904f9fc3f53816c66676
