stage,columns,profile,mode,repetition,initialization_seconds,first_query_seconds,initialization_plus_first_seconds,second_query_seconds,session_seconds,query_parquet_bytes,query_parquet_requests,calibration_bytes,calibration_requests,session_http_bytes,session_http_requests,peak_http_concurrency,incomplete_http_bodies,process_cpu_seconds,peak_rss_bytes,sample,sample_sha256,trace_sha256
before_fix,416,primary,off,0,0.783535217,10.920197672,11.703732889000001,10.914336678,22.619253908,345853372,80,0,0,366786844,100,14,1,2.008785,410611712,416-primary/off-timing-0/sample.json,7409783600eadbf15b8f0d969bd3fe43f645d99b049f7f96adf99c5b3b1bb85f,943805777a5a90bd13b7eab8b53170dbf1d0015e00ce61ab58c1ee6910da3945
before_fix,416,primary,auto,0,0.782196701,10.9309949,11.713191601,12.572026998,24.286377803,214507057,26886,0,0,235412404,26907,512,1,5.383903,421384192,416-primary/auto-timing-0/sample.json,512609649c9ec5897e247bd122a86451ee22ded8afa64de70ba29c9eba483b2c,868858bfb5162eeeb186680b9da2199810a7190ea1791ad76a5eecdfe3bc0516
before_fix,90,primary,off,0,0.450787247,22.566039447,23.016826694000002,22.555684378,45.573330734,796068020,108,0,0,798713565,130,18,1,3.803023,582778880,90-primary/off-timing-0/sample.json,bdc7e2a5e6c0dad7151f7fecab6c6246d55b3b3149ca11d41bf6d29544f19775,512c8240ffd2bdaf895c4cc14fa6b3c6d816bc776a2491dc45e01f02569339bd
before_fix,90,primary,auto,0,0.45100957,22.561062641,23.012072211,17.113262423,40.125878865,451266041,38874,0,0,453882457,38896,512,1,8.389239,506933248,90-primary/auto-timing-0/sample.json,bdffe4ea5c18de6ce05fff9cd3ac05ca42d49e3517c563f57b5efb56ee0e982a,5f26ec105607f0cfc34cc7001fd4f57fe07c3ad7e6d8c8ca2ec7c12bad8d8c77
before_fix,416,low,off,0,0.141628646,1.612100765,1.7537294110000001,1.578866872,3.333532192,345853372,80,0,0,366976853,100,11,0,1.122551,360386560,416-low/off-timing-0/sample.json,a878c83e6bca301f67adb31ca1d1009351497c729e47480d20ba788a2c9c9e76,b130d47832e32d3525c11221b423f6cb6d296b8475cb25c9e9c43dd521cfdfed
before_fix,416,low,auto,0,0.138360204,1.591485261,1.7298454650000001,14.3831152,16.11407287,187523199,44806,0,0,208645625,44825,512,0,7.806142,472653824,416-low/auto-timing-0/sample.json,f1adcca66c68fa7dadbd79090c57f663d84d849527bb5a8fdcf4a854b0ec1f54,7f4ed55edac277ddd84f97de2e4f8db5c0cea3551dab88f6ef676f015720b2a8
before_fix,90,low,off,0,0.036317059,3.283363825,3.319680884,3.269761129,6.58998413,796068020,108,0,0,798989623,130,17,0,2.088545,562126848,90-low/off-timing-0/sample.json,b52eb75bda3ec0f12da93edbc8c69b2943ed94e52926227fa42e304e4a2fb7dd,618a63284e65f257e72359fdd3eac7fe4fb2c4a14c30784f278b60745f796d6a
before_fix,90,low,auto,0,0.03651697,3.290873694,3.327390664,18.920283014,22.248331309,422094502,57913,0,0,425013948,57934,512,0,10.785693,583434240,90-low/auto-timing-0/sample.json,ffe69ac57ad63970c970b34cc149195c505b6c35e39b095d210632659e70255b,3ee53f834052d3b622f612e3059759edce34ac856917cae67ef8cfd9fd217081
fixed,416,low,off,0,0.140396006,1.589173258,1.729569264,1.605145436,3.33544196,345853372,80,0,0,366848887,99,15,1,1.164843,369410048,416-low/off-timing-0/sample.json,0f393fe620442268f1d24c21ddb646b075ccc4a2a7013c34961b60729e588be5,2be5123c0fad42b71b18cdf8b77429ff3b4b36fdbb7ac46771f9ddc0c00eed72
fixed,416,low,off,1,0.138204885,1.589337261,1.727542146,1.573688464,3.302249232,345853372,80,0,0,366975822,99,11,0,1.18116,373166080,416-low/off-timing-1/sample.json,30e0e09b9105659b15fbe9216779423c5749fd6fef0144cdc4b96b4ed2f0387b,1bb8036e2a198038c68ed7c572657ba5af20ba002b155467a53325cc4a1f919c
fixed,416,low,off,2,0.138781236,1.583620643,1.722401879,1.574039918,3.297475547,345853372,80,0,0,366979806,103,13,0,1.188413,393568256,416-low/off-timing-2/sample.json,d367d030e29f7144c5ceeef3447647b71fd1efc9c889a18b49734a4c0351eb5c,11193342981ff442da52c2426d07292c505097cd9ec96d916377cb2c8d613564
fixed,416,low,auto,0,0.142434963,1.589051882,1.7314868449999998,1.564754678,3.296994833,345853372,80,0,0,366976729,100,13,0,1.175873,390164480,416-low/auto-timing-0/sample.json,1fdeed621f6d7c7b25b68e30b114d33c8a924f57b5da48003dbdb2ab286c2810,33c8f7e4506b8a0ec4d569a3e30cae59f596ecf0b117fcb2e616f7c1ac62e106
fixed,416,low,auto,1,0.140327949,1.59312133,1.733449279,1.572859233,3.307445374,345853372,80,0,0,366976853,100,13,0,1.137935,396435456,416-low/auto-timing-1/sample.json,d03f110c2bfcf58c6204e6a996fdd8e09e5cb8007051aaca26abddbe17b24a09,80f026d87f35927cec6f2ae59f353723819ce603170905db6fc6b51730216cc8
fixed,416,low,auto,2,0.138942665,1.580480541,1.719423206,1.580058482,3.300247369,345853372,80,0,0,366977760,101,10,0,1.154584,356798464,416-low/auto-timing-2/sample.json,d8ea911c407a16b8977d9d8e71503a3ee588e70b73b5a2ed45a7f900bd9bb771,ac9828c5c7acade21c67854b9bf07d5c59e29fef38c1fe807c29cad6994eed15
fixed,90,low,off,0,0.036657471,3.29073219,3.3273896609999998,3.288760848,6.616907765,796068020,108,0,0,798993727,132,17,0,2.125987,604307456,90-low/off-timing-0/sample.json,07da4791f7417b9cc0f10612b11ebd63bf25a818cffcc41912466c932640aa6a,71da2f17bd66f54da8a97cae0562ee6267448efc8c4b421c2b1fcb215d218993
fixed,90,low,off,1,0.035453164,3.283188717,3.318641881,3.295382769,6.614710394,796068020,108,0,0,798991632,131,18,0,2.308608,625664000,90-low/off-timing-1/sample.json,79e34b6fcdf4559243ff38dda9b718c062667dc5e6dc74a32668dba58d9585d7,b0220e125440618a9a0592cd23757928aba421f5deadd0a9659c438865cc4acd
fixed,90,low,off,2,0.035893893,3.281785079,3.317678972,3.281332508,6.59955519,796068020,108,0,0,798993695,132,17,0,2.207351,566562816,90-low/off-timing-2/sample.json,f322d630b236e1e36790f8383c02151a0a22c42a9a080cc98b4a472eb611cffc,599434ce1496851200659a30f37fc2748fdf7af5916bf824a5d8575a6958776a
fixed,90,low,auto,0,0.03716827,3.291800297,3.328968567,3.280086145,6.609726689,796068020,108,0,0,798987384,129,18,0,2.234595,612503552,90-low/auto-timing-0/sample.json,edc530e02361cdbc237c4086cd5fc013ace3b28a07fccb48de1913300c748152,a8825017c9bd2d6fe88552b40ae7c6d71589d5879c2f906b017142b052960bad
fixed,90,low,auto,1,0.037046203,3.292799088,3.3298452910000003,3.275495567,6.605895859,796068020,108,0,0,798987466,129,18,0,2.131492,570929152,90-low/auto-timing-1/sample.json,e46a4310f1fd310cebb108e451040c06411cfd79714ca400fab15ac0ab77e856,4b45d0753b7966871550b0ae2ede0f2f6e77c96e7952125cf7afec38338ed3dc
fixed,90,low,auto,2,0.034015123,3.298667507,3.3326826300000003,3.280135733,6.613332728,796068020,108,0,0,798983420,132,17,1,2.208185,597401600,90-low/auto-timing-2/sample.json,812e296179b5f7d0b0fcbe787292a6481cce3d4ab8b064799eb4dcf0b22754db,7f0037fc557aa3c96dd33ee997186f2b48251ac4964547b5b5a1705114b7ffe7
fixed,416,primary,off,0,0.778883504,10.933958168,11.712841672,10.916719926,22.630346126,345853372,80,0,0,366723897,99,15,1,1.955315,349687808,416-primary/off-timing-0/sample.json,61f58a006951cd3d835b61dadd1f040ac0d72e5b98a29a555169a68f3ae0b720,a05df0fad6b149a2fa3bfa65e2a3664e84a073a76d281cb9870c28263faffb64
fixed,416,primary,auto,0,0.784007122,10.970458029,11.754465151,10.932549485,22.688149905,345853372,80,0,0,366793317,103,14,1,2.035421,359301120,416-primary/auto-timing-0/sample.json,9ea645f870478ed968ea585f8894327631fff15381d5b27a6baa215c5bbc6a25,42c4e112dd790edf534c645b05828857b6a5ca78c81eef06aa84c1d759b6adab
fixed,90,primary,off,0,0.451862884,22.586401531,23.038264415,22.576614264,45.615566056,796068020,108,0,0,798712718,128,18,1,3.801532,546586624,90-primary/off-timing-0/sample.json,732cec68dd7350a1ffa7d5c1959ece0d4ca4c251f82e84a068c4fd0bbbf75e0b,a384a57445a3a9f7d1c1b869ab301bd7d0a1d5ac9b589115cdc301b5a604e444
fixed,90,primary,auto,0,0.450919151,22.589856137,23.040775288000003,22.580174098,45.621509226,796068020,108,0,0,798711904,130,18,1,4.002034,567902208,90-primary/auto-timing-0/sample.json,bb9924ea9de16c796e6662645cdb19024df83c12e49d72527a28a3093712f705,46b67d7f80b4dbc72dfa978d482769561a401f3df16998f9e0721dc06792c4ba
fixed,416,profiled-primary,off,0,1.360428155,10.34642521,11.706853364999999,10.345440502,22.053363023,345853372,80,0,0,359598183,99,14,1,1.932859,358412288,416-profiled-primary/off-timing-0/sample.json,d5a0ed225e0ba67e46891b4bebdbf09a834bd57f782b5d28ae2aed0ce179f5c8,cc2a04490492c6f26c950f70e32ca30f595687d5c7e31fac9c27d2a8bef930ec
fixed,416,profiled-primary,auto,0,4.493840942,6.491774598,10.985615540000001,6.470022103,17.456445714,194096722,24526,25165824,3084,233098593,27629,512,1,5.459352,359923712,416-profiled-primary/auto-timing-0/sample.json,5a0cc384047c2c90dde87a909af5105441c6d8af76c0ad631d5259b033e0f403,dfa753f6ccd1789df1cc6f51cff74516dc62ad0f84da8bf8820a1978e9863f57
fixed,90,profiled-primary,off,0,0.700204929,22.301595912,23.001800841,22.294071953,45.296608459,796068020,108,0,0,797768244,129,18,1,3.680227,584683520,90-profiled-primary/off-timing-0/sample.json,46d3aceeaac56db8873379bb2946b1ad1e06ccd83bb3ebac550c1126b8c0b423,6bd10880545de40c07b94b7b7653d6817254f753d0a371050b8455325deffe3b
fixed,90,profiled-primary,auto,0,3.865227419,10.253775639,14.119003058,10.244438797,24.364015481,332315616,41164,25165824,3084,359165515,44267,512,1,8.777139,489869312,90-profiled-primary/auto-timing-0/sample.json,35cdc9f53bf084609e69af067cc6531099c2d3a705cc9b4f3126456097f07022,598226c01cd0186d0ab73412fab85a30c113a324a348d103973967425e9caa60
