table_columns,profile,mode,repetition,initialization_seconds,first_query_seconds,initialization_plus_first_seconds,second_query_seconds,session_seconds,profiling_parquet_bytes,profiling_parquet_requests,profiling_parquet_peak_requests,first_query_parquet_bytes,first_query_parquet_requests,first_query_parquet_peak_requests,second_query_parquet_bytes,second_query_parquet_requests,second_query_parquet_peak_requests,session_http_body_bytes,session_http_requests,session_peak_http_requests,session_incomplete_bodies,session_repeated_identical_requests,process_cpu_seconds,peak_rss_bytes,source_sample,source_sample_sha256,network_trace_sha256
416,primary,off,0,1.548589098,10.354373118,11.902962216,10.367614407,22.271830972,0,0,0,172926686,40,12,172926686,40,14,359722768,100,14,1,51,1.919961,357965824,416-primary/off-timing-0/sample.json,168a00d0c850debd03dafd59618b6020ff0f2ddd2718ca41401d2f94ea0057f8,b6420a31e66849434967e18a026d69ecefe4af1ec7210f89b39c7dbfa3af5a2d
416,primary,off,1,1.557081116,10.368815908,11.925897024000001,10.32145989,22.248505918,0,0,0,172926686,40,15,172926686,40,14,359678304,100,15,1,51,1.336181,386142208,416-primary/off-timing-1/sample.json,aa96617ad4173483b82ccc1266ad5bc3debae60a66ae3b5a24a83b8adc8b2f8f,8ac7bd0a29e120d289ed271e248d0f6ff0460fc67952a4cbcb976c62ec7549f6
416,primary,off,2,1.550950898,10.341187874,11.892138772,10.33898282,22.232301214,0,0,0,172926686,40,12,172926686,40,12,359722876,100,12,1,51,1.509015,360148992,416-primary/off-timing-2/sample.json,ac51866d2a39d95a384b22223b153e2accd4d31cf919e9421f21ee99606b8204,a8bb388906daaeb43364140fb64aef3d890c3d06eab5c5c28ca793e7f5158055
416,primary,auto,0,3.921811562,10.352527801,14.274339363000001,10.334123533,24.609404284,14155776,396,128,172926686,40,12,172926686,40,14,373944080,496,128,1,51,1.581184,352985088,416-primary/auto-timing-0/sample.json,3b8cbfccefb06910b1d4a85bcd986ee972f72f7a9efc2956993f32aa1f8c8d14,0ba966104941d2dc44398ec191bc0118c496cbede2c2ae615b4e96f2b4033ec0
416,primary,auto,1,3.550436029,7.53137915,11.081815179,7.490837522,18.573687963,14155776,396,128,81908881,15070,512,81908881,15070,512,191810182,30556,512,1,15081,6.04233,394551296,416-primary/auto-timing-1/sample.json,59641be8f15a3aa2b8c9095f5d6ea7479d0ac1856fbf1d33a07edc663f1e4111,3271f61d98e5b4ef1fb01eeda1d1fc5ec869ff235511d2d672109a2e918477e0
416,primary,auto,2,3.550043819,7.474754677,11.024798495999999,7.332174053,18.357765603,14155776,396,128,81908881,15070,512,81908881,15070,512,191811157,30557,512,1,15082,5.744219,339161088,416-primary/auto-timing-2/sample.json,9cf0e0970cc7a943d66a63671b7b4e0cedf14b05b5678e82b0d07ec71310b424,2bdce9a18327125e0e4d2564944c05849e4ee835cd12dd15b3689c6f07a5714c
90,primary,off,0,0.898705042,22.358128712,23.256833754,22.305599504,45.562987819,0,0,0,398034010,54,18,398034010,54,18,797746438,128,18,1,64,3.490224,572338176,90-primary/off-timing-0/sample.json,af9c76d37ec9f269ecacb510914958730bd0d50f19f6f830305c89f287352549,44e5019193a247d8c09125e07a20dcd750333bfa87a171757c4612fd0d77bce7
90,primary,off,1,0.896819541,22.338274,23.235093540999998,22.327651862,45.563466302,0,0,0,398034010,54,18,398034010,54,18,797752668,128,18,1,64,3.109534,575139840,90-primary/off-timing-1/sample.json,8abf9b2091e45f035be2b9b32a692473d9305b65e2a71179b16fd8b4ce16e087,4b3a546aee99a4d8471bd7388ac756452176becca6593dac07f747aa010b22c4
90,primary,off,2,0.901345559,22.303857081,23.20520264,22.313700945,45.519667975,0,0,0,398034010,54,18,398034010,54,18,797761348,132,18,1,68,2.745435,565350400,90-primary/off-timing-2/sample.json,63de1c89da802b53988b3780b7e4ae10712f3519f7f9d01aace4a5fc4cda8cfd,8a38b37e415ae262347b4976d44649945e37cbd78fb70eacd49bdefaa985d164
90,primary,auto,0,2.887136888,16.91771074,19.804847628,12.398589361,32.204185058,14155776,396,128,129340250,24276,512,129340250,24276,512,274492376,48970,512,1,24288,14.282358,442843136,90-primary/auto-timing-0/sample.json,72603c42cef7cdc7e11e9ba38066a009b8282cf672a01cfb40d7e29201047073,902afd2866210d04db6eca8b2967947bd212c0f68098ae9c5b6dd1596fef7bb3
90,primary,auto,1,3.083216637,22.303125832,25.386342469,22.303468994,47.690572337,14155776,396,128,398034010,54,18,398034010,54,18,811872213,524,128,1,64,2.552478,565002240,90-primary/auto-timing-1/sample.json,25aaecde396407c431912fd1bb357187e0d9a0b67d82629ad10c1c2466bc7928,6a802f26af532f5803617f84528bdf42ebecdc86a31fe9fdb1fec6ad935d3a3d
90,primary,auto,2,3.049524051,11.973628394,15.023152445000001,11.868832835,26.892607836,14155776,396,128,168152593,19715,512,168152593,19715,512,352121314,39850,512,1,19729,9.542884,520536064,90-primary/auto-timing-2/sample.json,84628d0a99e96abfa0c116e83e23ff14488447662216a509e6f0019d90c88337,b71d8f2505b9d0cf7b6475c8dee3cd8627ab96de02dfd158e2adcc9ec8ca830b
416,low,off,0,0.299536221,1.450005458,1.749541679,1.437063006,3.187642473,0,0,0,172926686,40,10,172926686,40,11,359941010,99,11,0,50,1.147684,378474496,416-low/off-timing-0/sample.json,cb46bf3a793cc5300acf36f3d90532c562c7380ec85e9295756a7e74e8c0ed14,839e92a6f2a360e2d3facea5dbe74ad243aa703bb1d673854103a38593937142
416,low,off,1,0.301165648,1.471063903,1.772229551,1.435536621,3.208690178,0,0,0,172926686,40,12,172926686,40,12,359940886,99,13,0,50,1.182583,395137024,416-low/off-timing-1/sample.json,bc4be1bf9e2b20531454e402be4e0d95f2b023251e41179fb9484852734d24da,19fe54e184989ff5327ab9acfe19342e16132146e2239aba39e8a333343f9abd
416,low,off,2,0.291655633,1.44578817,1.737443803,1.43633334,3.174897965,0,0,0,172926686,40,11,172926686,40,12,359941917,100,12,0,51,1.236125,397430784,416-low/off-timing-2/sample.json,a96d5cbd1c88301c58aa96aecbc015aeb1018fff0bf6fe9d2a0a101151026ba7,3aeb334c55891d2a77f8d5c0eb1fa096fc6ec87b2c1a0a94d9c1df0c9d47ac50
416,low,auto,0,0.60164941,1.474043409,2.0756928190000004,1.466202111,3.543030828,14155776,396,127,172926686,40,12,172926686,40,12,374096662,495,127,0,50,1.187605,375009280,416-low/auto-timing-0/sample.json,463693c46bb3c49da270176cede6c59e34dd0ed4ece3080314e51b11d6288aaf,77acbf5017d9fbb700685755e08764c59c3b1eccbfb2f07c3fd5d4583ad59b39
416,low,auto,1,0.578451719,1.482696622,2.061148341,1.464747281,3.527008618,14155776,396,128,172926686,40,11,172926686,40,10,374099739,498,128,0,53,1.257551,396828672,416-low/auto-timing-1/sample.json,8946713a2b82227de1178f26d67e2474cb2529e015a0cff2587d363554e347ed,c412a86d72f8716072b9087bbfa602ea4f4e9259438786d52cca98a5ec0edc87
416,low,auto,2,0.593743134,1.604291287,2.198034421,1.473843066,3.672921345,14155776,396,128,172926686,40,11,172926686,40,10,374098708,497,128,0,52,1.178089,352104448,416-low/auto-timing-2/sample.json,e69dbc500c4a6396f48cdadd41f883f3ddce4fcf8b31b84e86d5b139ab622f07,26cc28e7271458d727c059951d1892120246dae9e07e582ab4fc58235392f826
90,low,off,0,0.067872025,3.255742547,3.3236145720000003,3.340008099,6.664359942,0,0,0,398034010,54,17,398034010,54,18,798027272,129,18,0,65,2.178422,580132864,90-low/off-timing-0/sample.json,0448035b73ae3df73774aaa1e647f6a650ecfc9b5827fb3341136bcc47c475fe,1cde23c8314708d4dcf03c029b9faacdf47babd4197c2fe5113ef1584b09303b
90,low,off,1,0.066074446,3.257162393,3.323236839,3.259967648,6.583962605,0,0,0,398034010,54,16,398034010,54,18,798027272,129,18,0,65,2.194222,600973312,90-low/off-timing-1/sample.json,5cda042b40be94c7a30eb2f925962ecd62caae905f6f70e295826c121095a6d6,ff40162b301f43af3a7d160af6283e72c8e1130dd28d15506f6054c8f2d1f15a
90,low,off,2,0.064570302,3.271262729,3.335833031,3.261847349,6.598433077,0,0,0,398034010,54,16,398034010,54,17,797953524,130,17,1,66,2.186443,629547008,90-low/off-timing-2/sample.json,065808e33f84aa0a886a8d18d09a88d1ea0f790789c80b779c7333cec0e74003,2b409744bc0cca64c32b689b4738b6be64c3b4d220e97ce9e98c1744213f9215
90,low,auto,0,0.401307607,3.559369021,3.9606766280000003,3.254226446,7.215647096,14155776,396,126,398034010,54,17,398034010,54,16,812170592,524,126,1,64,2.169122,605110272,90-low/auto-timing-0/sample.json,b8449d2b92fb0dc970ba8afa53146b9b3c74ec8612828c14285e343e335fec51,4579714cae6fd9370965845555ffeaf842cf2ccf34b1fdb7a4ac2991eb65d85a
90,low,auto,1,0.347385684,3.54805432,3.8954400039999997,3.311978062,7.208216088,14155776,396,128,398034010,54,17,398034010,54,16,812181039,524,128,0,64,2.097038,619151360,90-low/auto-timing-1/sample.json,c0e6995b6958de520fdb1f1b794a9a4b8c9e5316e62bcfdb9782503512a8beeb,e9a8b3cd029d5d7cea09786201f69cc7eb72909067b0756af035ad3ac011f306
90,low,auto,2,0.347704135,3.308107643,3.655811778,3.25800071,6.91458251,14155776,396,127,398034010,54,17,398034010,54,17,812135729,523,127,1,63,2.186737,617848832,90-low/auto-timing-2/sample.json,cc536b2876488d246dace8080d1dd11373bbb906295dd267558373783c0e1802,af0fe0e9a3bbd64e8a33080ee30f659d57836bc45689415a21e784116d1dd4d5
416,high-bandwidth,off,0,1.111541295,3.023356391,4.134897686,2.791012957,6.926928152,0,0,0,172926686,40,12,172926686,40,14,359722892,100,14,1,51,1.166268,376266752,416-high-bandwidth/off-timing-0/sample.json,4bb61962ebc544d261015b518aaedaca1966fef879add94f4b6b5416db866443,04f451c66f765424806db4f52597fe2c3e1dd6b4f35dec25feca68f046de3400
416,high-bandwidth,off,1,1.049963089,2.837267223,3.887230312,2.802858777,6.691110746,0,0,0,172926686,40,13,172926686,40,12,359427856,100,13,1,51,1.178697,383123456,416-high-bandwidth/off-timing-1/sample.json,a94007e5a2dffc1f13204e8b7b676a36d9c5aabd57e260300970a6c586dfedc4,de7a6123c8005af4aef383f1b69c78f6bcc983955e53b33fa00bed764b50a4b3
416,high-bandwidth,off,2,1.098375377,2.911807325,4.010182702,2.804792782,6.816136371,0,0,0,172926686,40,15,172926686,40,12,359494423,101,15,1,52,1.172848,348946432,416-high-bandwidth/off-timing-2/sample.json,c16e520ba8e89aef950279e07c4f8f2fb27ff7d9108b740eb5678ef563155100,6697de90249421d5cbf5afdd5a46df5da89119a00c7359bdb257fc44d8b794b3
416,high-bandwidth,auto,0,2.502264463,2.996511567,5.49877603,2.81176803,8.311657419,14155776,396,128,172926686,40,12,172926686,40,12,373452668,496,128,1,51,1.263509,361082880,416-high-bandwidth/auto-timing-0/sample.json,d69eb23b8a9c9c7286ace13e39a8ec8bff8c07f539000532adc11cfd52cacd48,204c1f064c5fa8bd133811bc8d83f98122196a5ad204a1a3f2e1d1e28fb2d302
416,high-bandwidth,auto,1,2.507957398,2.793115751,5.3010731490000005,2.774908963,8.077214382,14155776,396,128,172926686,40,15,172926686,40,14,373681045,495,128,1,50,1.282087,358146048,416-high-bandwidth/auto-timing-1/sample.json,7ca1ae0c0d7708b497fc5b406480ab8e550f1c19b3a3d9d1885d4da562e019e7,e1bb48cbd07ddbcc544ce319f7d5cf01fe761305576a3bed2d4b61394c4aa465
416,high-bandwidth,auto,2,2.499511068,2.942718312,5.44222938,2.81041215,8.253445693,14155776,396,128,172926686,40,13,172926686,40,13,373583500,496,128,1,51,1.285567,388820992,416-high-bandwidth/auto-timing-2/sample.json,c3620fc5ab418bdf510a83a2a87ea79e88eb0ab844f7764cab4f10d8c93e4043,6a45361bdc477054cefff6ccb97c1acdbd8a8024b5770a881761f3e1f0ce8f99
90,high-bandwidth,off,0,0.87450468,4.459195515,5.3337001950000005,4.467988038,9.802252732,0,0,0,398034010,54,18,398034010,54,18,797621654,128,18,1,64,2.135944,593838080,90-high-bandwidth/off-timing-0/sample.json,573e0425311a7e22afbbfa275d50e26162683b63fd64c63e77bef8114ae8c61b,3dccc1d17a489149b172ea2ec3530915b3bcd8de54efb6390b9dd2c1ce8e840f
90,high-bandwidth,off,1,0.866466057,4.469272858,5.335738915,4.458092402,9.794595826,0,0,0,398034010,54,18,398034010,54,18,797560546,130,18,1,66,2.127121,588337152,90-high-bandwidth/off-timing-1/sample.json,c1bbc55e49bab44f0c6ffc22ceab95a66fa63643979bcf953e4e7ed43289827a,b99b418c426b278d8f9187d37ae47f19a01a82591e9447dca732ffd081113cb0
90,high-bandwidth,off,2,0.863075219,4.51101963,5.374094849,4.463072477,9.837678666,0,0,0,398034010,54,18,398034010,54,18,797560284,130,18,1,66,2.112459,578605056,90-high-bandwidth/off-timing-2/sample.json,dde7cf8d1d2dd65dbadd648a0f6fc3497b09fe355f00435584f1221e7e840f43,3634292beb87c28b3585928df679fcd6643d7c2374a66ff939532d4368e6fa86
90,high-bandwidth,auto,0,2.343641362,4.478953595,6.822594957,4.767294358,11.590412266,14155776,396,128,398034010,54,18,398034010,54,18,811713993,525,128,1,65,2.238078,604266496,90-high-bandwidth/auto-timing-0/sample.json,91593e0c1f205f9c2b6bc2872f90071994dd838b6f605b400d7e88e7e4008c0e,1d7e59d0822829b3ac89da67fb1a84a0b5bc370dfad2176a4caed3ce549e5568
90,high-bandwidth,auto,1,2.353223214,4.657415875,7.010639089,4.474042068,11.485306219,14155776,396,128,398034010,54,18,398034010,54,18,811746757,525,128,1,65,2.167766,562712576,90-high-bandwidth/auto-timing-1/sample.json,94fd96ce5855f1c457832bbc5fcb1b2760df742e7f7725d1319ad6e4f2157239,04cade381d7a9aea496fb355dd464a295438c2760ba217e0f9c7eed491a02086
90,high-bandwidth,auto,2,2.332739523,4.709471567,7.0422110899999995,4.414864328,11.457779706,14155776,396,128,398034010,54,18,398034010,54,18,811742451,523,128,1,63,2.236685,585170944,90-high-bandwidth/auto-timing-2/sample.json,c3a2c431cff20f68e50ca652e7465243a606238bc5dd21f18b0e0bb93056106a,35441cb499eaae76827b1067bcf4b45043946368053f0a94545830fcc912dd06
