group,name,diagnostic,mode,concurrency,planned_requests,requests_in_completed_phases,bytes_in_completed_phases,phase_seconds,total_seconds,fd_peak,sockets_peak,abort,exit_code,phase_sha256
initial,serial-1-reuse,False,reuse,1,24,24,98304,[3.114316921],3.114316921,8,2,,0,"[""17b6971741264e831e8748d50cc594ccdc0d383483561d14a01e843b140c9846""]"
initial,serial-1-fresh,False,fresh,1,24,24,98304,[3.8178528849999998],3.8178528849999998,8,2,,0,"[""17b6971741264e831e8748d50cc594ccdc0d383483561d14a01e843b140c9846""]"
initial,serial-2-fresh,False,fresh,1,24,24,98304,[3.707650959],3.707650959,8,2,,0,"[""17b6971741264e831e8748d50cc594ccdc0d383483561d14a01e843b140c9846""]"
initial,serial-2-reuse,False,reuse,1,24,24,98304,[1.8587702849999999],1.8587702849999999,9,2,,0,"[""17b6971741264e831e8748d50cc594ccdc0d383483561d14a01e843b140c9846""]"
initial,serial-3-reuse,False,reuse,1,24,24,98304,[1.7966038],1.7966038,9,2,,0,"[""17b6971741264e831e8748d50cc594ccdc0d383483561d14a01e843b140c9846""]"
initial,serial-3-fresh,False,fresh,1,24,24,98304,[3.452911836],3.452911836,9,2,,0,"[""17b6971741264e831e8748d50cc594ccdc0d383483561d14a01e843b140c9846""]"
initial,sustained-1-reuse,False,reuse,64,3072,3072,12582912,"[1.285292413, 2.052096514, 2.015094242]",5.352483169,71,65,,0,"[""38e09b2775feb312ce5aa6e8d3e3a34c00432ba15efbbf9283c269a879ab3ae1"", ""586bd5f564078599ae4d19f3a050c549d97c5b6d8e1ff49d4c69468ff2c074ea"", ""39176d14af80ee203b04a2feefddc6c69d80334404b7e8db199d9e83d80ff963""]"
initial,sustained-1-fresh,False,fresh,64,3072,3072,12582912,"[2.108971607, 2.090334693, 2.1000245]",6.2993308,71,65,,0,"[""38e09b2775feb312ce5aa6e8d3e3a34c00432ba15efbbf9283c269a879ab3ae1"", ""586bd5f564078599ae4d19f3a050c549d97c5b6d8e1ff49d4c69468ff2c074ea"", ""39176d14af80ee203b04a2feefddc6c69d80334404b7e8db199d9e83d80ff963""]"
initial,sustained-2-fresh,False,fresh,64,3072,3072,12582912,"[2.056285133, 2.101852235, 2.045279153]",6.203416520999999,71,65,,0,"[""38e09b2775feb312ce5aa6e8d3e3a34c00432ba15efbbf9283c269a879ab3ae1"", ""586bd5f564078599ae4d19f3a050c549d97c5b6d8e1ff49d4c69468ff2c074ea"", ""39176d14af80ee203b04a2feefddc6c69d80334404b7e8db199d9e83d80ff963""]"
initial,sustained-2-reuse,False,reuse,64,3072,3072,12582912,"[1.038030066, 0.935713496, 0.93015452]",2.903898082,72,66,,0,"[""38e09b2775feb312ce5aa6e8d3e3a34c00432ba15efbbf9283c269a879ab3ae1"", ""586bd5f564078599ae4d19f3a050c549d97c5b6d8e1ff49d4c69468ff2c074ea"", ""39176d14af80ee203b04a2feefddc6c69d80334404b7e8db199d9e83d80ff963""]"
initial,sustained-3-reuse,False,reuse,64,3072,3072,12582912,"[1.228915306, 0.975760372, 1.084859842]",3.28953552,72,66,,0,"[""38e09b2775feb312ce5aa6e8d3e3a34c00432ba15efbbf9283c269a879ab3ae1"", ""586bd5f564078599ae4d19f3a050c549d97c5b6d8e1ff49d4c69468ff2c074ea"", ""39176d14af80ee203b04a2feefddc6c69d80334404b7e8db199d9e83d80ff963""]"
initial,sustained-3-fresh,False,fresh,64,3072,3072,12582912,"[2.104139052, 2.030752092, 2.059402885]",6.194294029,71,65,,0,"[""38e09b2775feb312ce5aa6e8d3e3a34c00432ba15efbbf9283c269a879ab3ae1"", ""586bd5f564078599ae4d19f3a050c549d97c5b6d8e1ff49d4c69468ff2c074ea"", ""39176d14af80ee203b04a2feefddc6c69d80334404b7e8db199d9e83d80ff963""]"
initial,production-1-fresh,False,fresh,512,3072,3072,12582912,"[5.266603319, 4.973490082, 4.4282270839999995]",14.668320484999999,519,513,,0,"[""38e09b2775feb312ce5aa6e8d3e3a34c00432ba15efbbf9283c269a879ab3ae1"", ""586bd5f564078599ae4d19f3a050c549d97c5b6d8e1ff49d4c69468ff2c074ea"", ""39176d14af80ee203b04a2feefddc6c69d80334404b7e8db199d9e83d80ff963""]"
initial,production-2-fresh,False,fresh,512,3072,3072,12582912,"[5.011897843, 4.934467126, 5.419960541]",15.36632551,519,513,,0,"[""38e09b2775feb312ce5aa6e8d3e3a34c00432ba15efbbf9283c269a879ab3ae1"", ""586bd5f564078599ae4d19f3a050c549d97c5b6d8e1ff49d4c69468ff2c074ea"", ""39176d14af80ee203b04a2feefddc6c69d80334404b7e8db199d9e83d80ff963""]"
initial,production-3-fresh,False,fresh,512,3072,3072,12582912,"[4.474250198, 5.273554458, 5.221676093]",14.969480748999999,519,513,,0,"[""38e09b2775feb312ce5aa6e8d3e3a34c00432ba15efbbf9283c269a879ab3ae1"", ""586bd5f564078599ae4d19f3a050c549d97c5b6d8e1ff49d4c69468ff2c074ea"", ""39176d14af80ee203b04a2feefddc6c69d80334404b7e8db199d9e83d80ff963""]"
initial,connections-reuse,True,reuse,1,8,8,32768,[0.502274816],0.502274816,9,2,,0,"[""b4b20938101454a999ed88ea13151ff141acf7e6c44a01a2159eaf7602f61c22""]"
initial,connections-fresh,True,fresh,1,8,8,32768,[1.033941561],1.033941561,8,2,,0,"[""b4b20938101454a999ed88ea13151ff141acf7e6c44a01a2159eaf7602f61c22""]"
production_paired,production-1-reuse,False,reuse,512,3072,0,0,[],,975,969,fd_guard,-15,[]
production_paired,production-1-fresh,False,fresh,512,3072,3072,12582912,"[4.472426782, 4.913791914, 4.92068154]",14.306900236,519,513,,0,"[""38e09b2775feb312ce5aa6e8d3e3a34c00432ba15efbbf9283c269a879ab3ae1"", ""586bd5f564078599ae4d19f3a050c549d97c5b6d8e1ff49d4c69468ff2c074ea"", ""39176d14af80ee203b04a2feefddc6c69d80334404b7e8db199d9e83d80ff963""]"
production_paired,production-2-fresh,False,fresh,512,3072,3072,12582912,"[4.917331038, 4.835470129, 5.041287304]",14.794088471,519,513,,0,"[""38e09b2775feb312ce5aa6e8d3e3a34c00432ba15efbbf9283c269a879ab3ae1"", ""586bd5f564078599ae4d19f3a050c549d97c5b6d8e1ff49d4c69468ff2c074ea"", ""39176d14af80ee203b04a2feefddc6c69d80334404b7e8db199d9e83d80ff963""]"
production_paired,production-2-reuse,False,reuse,512,3072,0,0,[],,915,909,fd_guard,-15,[]
production_paired,production-3-reuse,False,reuse,512,3072,0,0,[],,1004,998,fd_guard,-15,[]
production_paired,production-3-fresh,False,fresh,512,3072,3072,12582912,"[5.633362109, 5.283672566, 5.023308029]",15.940342703999999,519,513,,0,"[""38e09b2775feb312ce5aa6e8d3e3a34c00432ba15efbbf9283c269a879ab3ae1"", ""586bd5f564078599ae4d19f3a050c549d97c5b6d8e1ff49d4c69468ff2c074ea"", ""39176d14af80ee203b04a2feefddc6c69d80334404b7e8db199d9e83d80ff963""]"
