columns,profile,concurrent_queries,mode,repetition,initialization_seconds,group_seconds,initialization_plus_group_seconds,queries_per_second,query_seconds,query_parquet_bytes,query_parquet_requests,query_peak_http_requests,query_incomplete_parquet_responses,session_cpu_seconds,peak_rss_bytes,profiling_parquet_bytes,profiling_parquet_requests,session_http_body_bytes,session_http_requests,source_sample,source_sample_sha256,trace_sha256
416,primary,2,off,0,1.355221168,19.419557089,20.774778257,0.1029889606047132,"[19.410040412, 19.419557089]",345853372,80,24,0,1.912117,473350144,0,0,359152827,99,416-primary-c2/off-timing-0/sample.json,57ee3dc463a6c44e4938dc642c21fb29e55677af1edee66323d1661924b4fb53,982fa10bbea6278b56f7ded1447df6a98d406f747152458a1434f8fd62453d73
416,primary,2,off,1,1.35345383,19.420934579,20.774388409,0.10298165579336303,"[19.360065134, 19.420934579]",345853372,80,27,0,2.023642,465956864,0,0,359152867,99,416-primary-c2/off-timing-1/sample.json,5000dca25a96c95687378aff9c37d17d5e6191429d838d3db826dd08a2ff03ee,62ba6d94725ebea5ff7a8f95e96aaaf106f7919d78f6a2bcb10f3c752979c78f
416,primary,2,off,2,1.355225549,19.485699088,20.840924637,0.10263937624037685,"[19.485699088, 19.483594609]",345853372,80,30,0,1.955197,490061824,0,0,359182239,99,416-primary-c2/off-timing-2/sample.json,149abdf3e221716698a9f6ce2f070d47da542d5c9f6c8deb6202654267b333a7,a22455828cf5260ba15897d0ad74f3eeae7d53a8223737b3d4922aac4bea1fa2
416,primary,2,auto,0,4.488610547,11.587059858,16.075670405,0.1726063405652599,"[11.254552103, 11.587059858]",195385198,24272,512,0,5.595659,506654720,25165824,3084,233849594,27374,416-primary-c2/auto-timing-0/sample.json,aaec956462a4cbeef2cb00e89b8e5fa8b54d1974c9f9db1f18948596cde5cf9a,d30d18753e2745f8f20215d01ed9b0ec436284a08b842e867c4a2b705f401148
416,primary,2,auto,1,4.498018488,11.679405079,16.177423566999998,0.17124159890610127,"[11.679405079, 11.665530437]",194868670,24376,512,0,5.621199,483520512,25165824,3084,233335927,27481,416-primary-c2/auto-timing-1/sample.json,a7af99380572dc8efaf851b50043105780a6456520b35659250604dbe1614cf3,7fa775ca10c58d3d5a858e07883fc8b2b0e79ea3130e40d9cec2662a3a8ee08f
416,primary,2,auto,2,4.495699291,11.597066834,16.092766125,0.1724574005330769,"[11.566277412, 11.597066834]",193997586,24546,512,0,5.66744,478810112,25165824,3084,232460943,27647,416-primary-c2/auto-timing-2/sample.json,289fd1e1b73a32e0868a30985a8690bdc0c7a48f64ce2e3132a1d5c641cd70d4,9dbb08ecca4ecc4c3084d2c75a469dd990155d466b9d43928028d9c8d353a03b
90,primary,2,off,0,0.699951876,43.688966832,44.388918708,0.045778148237991735,"[43.465700173, 43.688966832]",801834164,120,36,12,4.059073,929964032,0,0,803516058,138,90-primary-c2/off-timing-0/sample.json,6199d9b23ca500638efe684f9d38029e73d276052480c5c23ef8bb9d3cb2f5c4,966f01a93d5dcda9cbeeab2a1117522eddca7b25fabb3b095e09ffadb4c543de
90,primary,2,off,1,0.69929834,43.770494815,44.469793155,0.045692880751135735,"[43.770494815, 43.747652926]",801736036,120,36,12,4.1968,943730688,0,0,803386261,139,90-primary-c2/off-timing-1/sample.json,4c454e7b1d678362b3aa264ecaeeb5fbfb31ce9a452ac550b333f9ae17d839bf,a6ba4d6b98dbf55fde2945e11db32a93e8a41a245b4b99cf2f9e48783b3ed2e3
90,primary,2,off,2,0.698730396,43.7040066,44.402736996,0.04576239469998616,"[43.7040066, 43.434091892]",801642676,120,36,12,3.986907,864243712,0,0,803331061,141,90-primary-c2/off-timing-2/sample.json,dec85cc2855c9cbd7b22e57655b4819dc78e179b19e5defcf3ec3cdfd03aa9a2,42bdce33423d4390d6d7b40b272a5ce9aba3309bbb615ca86e22f4ddd1520b6f
90,primary,2,auto,0,3.803541761,19.196747165,23.000288926000003,0.10418431741636161,"[19.196747165, 19.136242617]",327418292,41710,512,0,9.134261,700682240,25165824,3084,354266096,44812,90-primary-c2/auto-timing-0/sample.json,d85d257c27faff7199271798eb505c833009ac3146cac4d027e4fafa528c989f,1966daa7b6c4ba7d020ad02d112c836a7ffb7c13d48a3940bf46f09b7960158e
90,primary,2,auto,1,3.846634175,19.277699871,23.124334046,0.10374681696381516,"[19.129509887, 19.277699871]",330705992,41338,512,0,9.198091,715694080,25165824,3084,357509023,44444,90-primary-c2/auto-timing-1/sample.json,3ca3cbb5b0ef52fc9edb89b69aad6b48df56aef6788887479d025698dd0251c9,6fa3ac6458d24388a6403cfddba4914c400ed9e0d8d9cb704c1d75dbe0f33702
90,primary,2,auto,2,3.825249422,19.283222289,23.108471711,0.10371710547261015,"[19.215902552, 19.283222289]",325696196,41866,512,0,9.136306,675004416,25165824,3084,352484811,44971,90-primary-c2/auto-timing-2/sample.json,fc7d6ab22527aa43a7150ebf66d2d68ad460fe756c134c12a1d1c3c3a6e4e53b,48c00ba95595902632982985cf1a9d72e6b18a356e9a6df53078f2aadbf50a3a
416,primary,4,off,0,1.36418653,38.013457106,39.377643635999995,0.10522589378929824,"[37.721809659, 38.013457106, 37.730206126, 38.005556391]",697583268,180,49,20,3.247133,866762752,0,0,711239781,213,416-primary-c4/off-timing-0/sample.json,0a4cb2b5a1f8411763046db7181a80a32f680b65f41aae71359211d13ea55295,19c15c8b1df3ed03f24012bbaeeba1e9c8582d957f0aecc2929655ef0e214587
416,primary,4,off,1,1.376616102,38.01796896,39.394585062,0.10521340590836234,"[37.908617129, 37.906129508, 37.58954578, 38.01796896]",697453432,180,49,20,3.842814,887111680,0,0,711369001,213,416-primary-c4/off-timing-1/sample.json,0e72380dab24c56fee7aee8164edc6dfd56870e043b110e0642ad7192033725e,9967228d508a2dea0707ff5dc8269d3cc44328de3f3f4ec661eeee808ca65e32
416,primary,4,off,2,1.367153904,38.007074362,39.374228265999996,0.10524356497166369,"[37.64043586, 38.001093192, 38.007074362, 38.004011213]",697516920,180,49,20,3.964155,823197696,0,0,711444793,213,416-primary-c4/off-timing-2/sample.json,dd48bb3ff2d032d61829a3fd69bafdb885c31d22fa287b526ec4fbb70c0e8acb,9affe342913623f159b950b9c15b780bcff480c38c525e19864535e02955ca39
416,primary,4,auto,0,4.515711229,22.144301,26.660012229,0.1806333828283855,"[21.727770432, 22.144301, 22.136948833, 21.512511037]",386131284,49364,512,0,10.576516,801681408,25165824,3084,425278229,52481,416-primary-c4/auto-timing-0/sample.json,21c8cd51da5cab25143f74f47106783a4077fdd93f54791a9dfb8053ed4d58ce,0960e521aebc1a5ed4b545d263516a7647ffa0d90012a3695b7a5ea4e41722c2
416,primary,4,auto,1,4.486042737,22.08228656,26.568329297,0.18114066173045804,"[21.897850188, 21.885884883, 21.635535327, 22.08228656]",384105952,49756,512,0,10.689407,771534848,25165824,3084,423054442,52872,416-primary-c4/auto-timing-1/sample.json,acdc1e1818f31a019857fc16da62cd8fe680bc306e51686cf2145ff7d3b3b4c8,bc8195c997f16174f5dd3b1f87babbbbc3ca5265468fb6cad81c1c610e0ba7f3
416,primary,4,auto,2,4.521755834,22.131606639,26.653362473,0.1807369914550739,"[21.952747166, 21.739602108, 21.738142878, 22.131606639]",383909404,49788,512,0,10.61795,759508992,25165824,3084,422911793,52905,416-primary-c4/auto-timing-2/sample.json,9803a0683cb7136d11f4b8a31d2c31a0dff8cd553fead0611992aa0dbad00d38,d20a05847f84c971e43b5e7d3d9c22ea6484c877feae3a76ad52ac1e47217db5
90,primary,4,off,0,0.698283926,86.393282568,87.091566494,0.046299896023184524,"[86.001618211, 86.218631404, 86.131770159, 86.393282568]",1604546708,264,72,48,8.448358,1793433600,0,0,1606232355,299,90-primary-c4/off-timing-0/sample.json,8e907ccaae7a2169c01991ac8708ed62b7b10701161b0884b81599849bcc877c,2cecb2f4bcbb2fb2874743ea23972218aef280001fe424f9dd195f22431674d7
90,primary,4,off,1,0.699558093,86.525152467,87.22471055999999,0.04622933200291751,"[86.525152467, 86.520180782, 86.491739903, 86.511884532]",1604947904,264,72,48,8.288372,1818525696,0,0,1606664106,298,90-primary-c4/off-timing-1/sample.json,53127e2e2670adedc351e04e4463bed239ed2de49d5644d74d7deae3fb472275,352a12bb5218174929ef92b03eb82031d2146042a46247bd3a86933767917464
90,primary,4,off,2,0.698294303,86.414202179,87.112496482,0.046288687497389895,"[86.414202179, 86.404846009, 86.044269699, 86.079468682]",1604447414,264,72,48,8.296186,1730191360,0,0,1606158661,299,90-primary-c4/off-timing-2/sample.json,c845e81f19253e1c27145aba3fb204673e4fda0cd49d2adb5bef906efe663453,505d888178ce51f04d6f79a42c3bc4801b118cbc73ce58a85c061d0b9cbe5238
90,primary,4,auto,0,3.864222046,37.29248557,41.156707616,0.10726021446041148,"[37.29248557, 37.278832199, 37.054524245, 36.998759562]",660939184,82732,512,0,17.784771,1228140544,25165824,3084,687846647,85849,90-primary-c4/auto-timing-0/sample.json,c85a663d86b9ee30db4678715864e377f948b45567aa4990fd8cc16a54b131e0,6ec5a953881e26cb1f4135327fe11e26258bd1ae66cdb12cd9b8a0f8467f63b9
90,primary,4,auto,1,3.807315806,37.450997096,41.258312902,0.10680623508491914,"[37.125931855, 37.417178057, 37.304474088, 37.450997096]",645841892,84344,512,0,17.809205,1173581824,25165824,3084,672756628,87462,90-primary-c4/auto-timing-1/sample.json,6a61d5baa2049a0c1610c724635397bb30aeaef9229d2a53876ba18470efe412,9db4d77ed5b251d1741c061631a002c8b1fa125e069eb937f1f7a16c671cade2
90,primary,4,auto,2,3.844743684,37.295581405,41.140325089,0.10725131099481247,"[37.295581405, 37.258820021, 37.04756765, 37.240228327]",659679728,82880,512,0,17.813126,1224318976,25165824,3084,686591411,85999,90-primary-c4/auto-timing-2/sample.json,3b9f613d4a0e1dc7603606b731a1606dee463d66f4b3819c08fa49a9f80782d1,65cbf862c012ccf371018c87c28dc28a3499357b62da3e44bf5bcc2c6acc1489
416,low,4,off,0,0.298013731,5.586417952,5.884431683,0.7160223302962779,"[5.586417952, 5.533427603, 5.568244575, 5.565699397]",691706744,160,49,0,2.127923,890081280,0,0,705806772,191,416-low-c4/off-timing-0/sample.json,27dfeed7772faf98400014139798a4e1743c101fb94de95e458b14727abd1143,708ce397fc59340c17cf7cf204cd18b8ae0a6ebd6e2ee2f3bee5ec2bc09170ef
416,low,4,auto,0,1.5759133,5.58585847,7.16177177,0.7160940474025294,"[5.545514962, 5.58585847, 5.548908105, 5.568462317]",691706744,160,40,0,2.550408,899616768,25165824,3084,730975549,3278,416-low-c4/auto-timing-0/sample.json,00b0175f4d00d5d07141b0f50fcb9e236473ec1fc3b6adc32e721ffa807e7a88,c94d836fef1d9487d57d24fb3192d560524649e9ff8b2264b554186a739775c3
90,low,4,off,0,0.064678961,12.904640424,12.969319385,0.3099660175389944,"[12.899608618, 12.896197922, 12.904640424, 12.885296583]",1592136040,216,70,0,4.466597,1884680192,0,0,1594122744,249,90-low-c4/off-timing-0/sample.json,be15e15567931e61891251a9912bd691dd400e4b1e0cbac5995153f00d774fbf,a2745aa5e6129ff89b914f20f5f749b7af226a26803901710825f330f8022591
90,low,4,auto,0,1.351615867,12.889954249,14.241570116,0.3103191774563761,"[12.848344999, 12.889954249, 12.87861741, 12.861347992]",1592136040,216,68,0,4.886596,1818226688,25165824,3084,1619294765,3336,90-low-c4/auto-timing-0/sample.json,b8299d22f0a4b34d608437e0288a6dab13a02c7cee53948835fa5cd05516638e,9e0da7191e88c59a5b0c3ac7905ed1e6821c6e627047a5d98b85048002eea581
