columns,profile,mode,repetition,initialization_seconds,query1_seconds,query2_seconds,session_parquet_bytes,session_parquet_requests,fd_peak,session_process_cpu_seconds,session_peak_rss_bytes,session_peak_active_requests,session_incomplete_http_bodies
416,primary,off,0,1.354193543,10.345937512,10.334397021,345853372,80,24,1.987036,377249792,14,1
416,primary,off,1,1.356595013,10.375249493,10.346340937,345853372,80,25,1.975878,353370112,15,1
416,primary,off,2,1.356002529,10.325600978,10.369104251,345853372,80,25,1.894204,371863552,15,1
416,primary,auto,0,4.478097655,6.542871041,6.420929321,217645028,27878,537,4.856651,404525056,512,1
416,primary,auto,1,4.435657152,6.543655134,6.510980048,220983352,27278,536,4.808635,379514880,512,1
416,primary,auto,2,4.501360674,6.499385,6.475802228,216527674,28096,535,4.858271,417468416,512,1
416,low,off,0,0.294733513,1.471907979,1.435721093,345853372,80,23,1.173495,385847296,13,0
416,low,auto,0,1.515134642,1.448396398,1.439618913,371019196,3164,526,1.735513,400957440,512,0
90,primary,off,0,0.697070016,22.325756412,22.338432482,796068020,108,28,4.043366,591278080,18,1
90,primary,off,1,0.701710373,22.325500886,22.333602674,796068020,108,28,3.949229,566042624,18,1
90,primary,off,2,0.700386675,22.303936544,22.329563195,796068020,108,28,3.92417,541024256,18,1
90,primary,auto,0,3.790755655,10.285857514,10.256624914,359334658,44034,550,7.681613,549326848,512,1
90,primary,auto,1,3.779808498,10.281763099,10.303337163,353437668,44692,544,7.564121,503431168,512,1
90,primary,auto,2,3.816862236,10.268402961,10.27869071,345998926,45486,542,7.675042,518500352,512,1
90,low,off,0,0.065450743,3.259123478,3.25507213,796068020,108,28,2.129847,575762432,18,0
90,low,auto,0,1.314064188,3.264224751,3.252055256,821233844,3192,528,2.829772,634208256,512,1
