experiment,table_columns,deletion_vectors,execution,network,mode,repetition,session_seconds,first_query_seconds,second_query_seconds,http_body_bytes,http_requests,parquet_body_bytes,parquet_requests,peak_http_requests,process_cpu_seconds,peak_rss_bytes,output_rows,record_sha256
416-200ms-150mbps,416,true,open,200ms/150Mbps,off,0,11.918428269,11.918428269,,186220834,54,172926686,40,13,1.10797,271163392,894,9a6af03db096c3d199a034894daa1a24419caa55cb0da5b27cb9debf704fc45e
416-200ms-150mbps,416,true,open,200ms/150Mbps,auto,0,11.884232351,11.884232351,,186219695,53,172926686,40,14,1.090992,269946880,894,54ee37a1b143366169f6c2eb7df35c6ff53491d1e0ce79e2f894350da78938d0
416-200ms-150mbps,416,true,open,200ms/150Mbps,auto,1,11.911661581,11.911661581,,186219819,53,172926686,40,15,1.085601,272056320,894,26d41bef631f153dbb16746031e5db2c7ff45768bfb4718db743b0e23d085490
416-200ms-150mbps,416,true,open,200ms/150Mbps,off,1,11.939249714,11.939249714,,186221741,55,172926686,40,14,1.127801,264859648,894,de6715f4c7c0767ffd884974640a3a91907df76212302a12a6b2d52834e86c0c
416-200ms-150mbps,416,true,open,200ms/150Mbps,off,2,11.865881058,11.865881058,,186248996,52,172926686,40,14,1.093192,275820544,894,cbd48f279c4ff6a2121f51692e5eb3c05d9a2eb032360cb85d9234953656a2fc
416-200ms-150mbps,416,true,open,200ms/150Mbps,auto,2,11.879185501,11.879185501,,186219803,53,172926686,40,12,1.179268,269168640,894,8aeca601e7f8e67409aee6183dfa213fcb4266ed193bd8cb9621a0c3e6c76910
416-local,416,true,open,local,off,0,0.102786226,0.102786226,,,,,,,0.467492,329457664,894,14f4c76d9d0e640a914813b295e8cee3208efe362969338e1a1436c64eb5725f
416-local,416,true,open,local,auto,0,0.103824162,0.103824162,,,,,,,0.46145,325693440,894,14b6c25c712bd114d461e1cb166f0daf68ab5db212203b9075f9b3f0be53eddf
416-no-dv-reuse-200ms-150mbps,416,false,reuse,200ms/150Mbps,off,0,21.495856782,10.141514773,10.137987947,352853997,84,345853372,80,15,1.863954,357662720,895,f122bff3b4f1d9d034ed656d09473a9093c92fcb7db209aedccd9fe10d23c29b
416-no-dv-reuse-200ms-150mbps,416,false,reuse,200ms/150Mbps,auto,0,21.672354539,10.141734942,10.313444141,324899630,9909,317899005,9905,512,3.011057,434556928,895,5468eca5c1eff8af7a57c2875d4dc872dec8f710be599805ed004c8d14465165
416-open-1ms-1000mbps,416,true,open,1ms/1000Mbps,off,0,1.766884787,1.766884787,,186914100,53,172926686,40,11,0.68844,303362048,894,35f6ed2cb0398af9fb7eb6d623e51646e26ad35331473831014c939389b7c3fe
416-open-1ms-1000mbps,416,true,open,1ms/1000Mbps,auto,0,1.740826913,1.740826913,,187009311,54,172926686,40,13,0.708201,288387072,894,5366b696e2ca8f93b2d71eccc743442d79238138039749f9e23f01a1f0c90201
416-open-200ms-1000mbps,416,true,open,200ms/1000Mbps,off,0,3.861170987,3.861170987,,187008172,53,172926686,40,13,0.722033,252047360,894,6f5ca8f75e1473e9d8e6455166c562793b301601e896284183cda76ea0817195
416-open-200ms-1000mbps,416,true,open,200ms/1000Mbps,auto,0,4.055680592,4.055680592,,186783240,53,172926686,40,13,0.742183,250908672,894,f9ff8dc4057ffdcbdc0b59fdb161fa98a4e730b7cdbcdd9797cff39f34acc425
416-reuse-1ms-1000mbps,416,true,reuse,1ms/1000Mbps,off,0,3.220397083,1.45372285,1.471529338,359263597,99,345853372,80,10,1.203482,366931968,894,b8a4d5166d847db16f8045d1cf4da26ee4e7510a1707b988b8f4bae93c09baa5
416-reuse-1ms-1000mbps,416,true,reuse,1ms/1000Mbps,auto,0,15.054325046,1.450424062,13.306751736,230838018,43239,216749473,43219,512,6.203792,393486336,894,d37e251217ef2bd577aa5c2825455a3fb75be672a9281afe0a887a4f7ed0b88e
416-reuse-1ms-1000mbps-confirm,416,true,reuse,1ms/1000Mbps,off,0,3.215542824,1.48061731,1.43576494,359941917,100,345853372,80,14,1.104263,373342208,894,a8d77caf9dd48814373699c90203485b9207d7c65af57e27f9314193db4885b4
416-reuse-1ms-1000mbps-confirm,416,true,reuse,1ms/1000Mbps,auto,0,8.563349155,1.452604424,6.812661919,296306342,22592,282218852,22573,512,3.775153,439918592,894,7f878ddfb391f48f1274abe22c1211c5914cd13f89a5ba4f326ca5bc81b5b7d4
416-reuse-1ms-1000mbps-confirm,416,true,reuse,1ms/1000Mbps,auto,1,8.548325076,1.46352114,6.783459496,296450551,22788,282362022,22768,512,3.766259,376049664,894,956ee57e1e8d38a3aa2791b9235b39ed478fa29db0ad306495d81a6e5469b645
416-reuse-1ms-1000mbps-confirm,416,true,reuse,1ms/1000Mbps,off,1,3.193638508,1.448548995,1.446010831,359940994,99,345853372,80,13,1.16509,383348736,894,a4027214c455228b27f0dd86acb94981285f5e44605f0879cb25cc87021443f7
416-reuse-1ms-1000mbps-confirm,416,true,reuse,1ms/1000Mbps,off,2,3.173255221,1.442711563,1.432686766,359940970,99,345853372,80,12,1.137692,370827264,894,c2636750f17289ab2d9ce5f1e54eacf34b00b2cbb93ccbe698ba72c78575a177
416-reuse-1ms-1000mbps-confirm,416,true,reuse,1ms/1000Mbps,auto,2,5.154851475,1.454570308,3.404075521,328814341,11021,314727882,11003,510,2.406706,389943296,894,b123bed36f1a64af334299e6ffbf6b8a2509ffb558e4397e45e2b55feaab8a1c
416-reuse-200ms-1000mbps,416,true,reuse,200ms/1000Mbps,off,0,6.662899818,2.788076442,2.80814042,359591820,100,345853372,80,15,1.185458,371204096,894,bdc967a2af68cabd3cb2cc57ee842ea3fbca029015d6d51e74f5be1f3d916884
416-reuse-200ms-1000mbps,416,true,reuse,200ms/1000Mbps,auto,0,7.00086593,2.789360832,3.137743426,361942082,990,348236526,970,511,1.346615,384360448,894,ed4a07cc93ae935722c3873a58c692c55f4a68dad89dcf59d72a5730827c620c
416-reuse-200ms-150mbps,416,true,reuse,200ms/150Mbps,off,0,22.284864391,10.370321667,10.371862434,359154471,101,345853372,80,15,1.764921,344199168,894,16dac733985efe31e159402cb2b11c3252c0ee127b0cca563d6ab343ba6899a0
416-reuse-200ms-150mbps,416,true,reuse,200ms/150Mbps,auto,0,19.749958289,10.350416791,7.858518782,300587045,13896,287285854,13875,512,3.505712,375828480,894,a5db31ccb2dae2686aa7eded977c5f3d2e32785f375b5d723ce22a9b261cbcf6
416-reuse-200ms-150mbps,416,true,reuse,200ms/150Mbps,auto,1,20.822573485,10.347714308,8.933373398,329848707,8209,316517361,8187,512,3.014971,419258368,894,e0237c2d71be0880b22048356f99f2bedfa1fde7351afb86b2d169a1e9067f86
416-reuse-200ms-150mbps,416,true,reuse,200ms/150Mbps,off,1,22.259956616,10.378751044,10.339353508,359154455,101,345853372,80,15,2.011255,384294912,894,a0e974cdcba3492caf0bd1787e465bdfb5770786a384c1723d23c5ed8dcfbbbe
416-reuse-200ms-150mbps,416,true,reuse,200ms/150Mbps,off,2,22.269343929,10.3576761,10.35463523,359691922,102,345853372,80,13,1.951477,392249344,894,4762c974d14cd40f903478d34c87fbfb7706a548f76f6a79f5b42339941fd25f
416-reuse-200ms-150mbps,416,true,reuse,200ms/150Mbps,auto,2,19.678988276,10.341616944,7.777155553,302286685,14208,288450964,14189,511,3.602651,429047808,894,4fc8b31b9cf70c08007dd109646acf3ee2c7ae721c560dbfd9ee7386cf785236
90-200ms-150mbps,90,true,open,200ms/150Mbps,off,0,23.203782644,23.203782644,,399673056,68,398034010,54,18,1.995598,505294848,894,7c70f2d68f00caf7cc747d3b224aa1f922a50a95b327e861a5d34098c1c0d626
90-200ms-150mbps,90,true,open,200ms/150Mbps,auto,0,23.224583534,23.224583534,,399736497,67,398034010,54,18,1.892695,498216960,894,e25329995bb3d773e20f833e480d2d2d324be0ed994ec54cb0de7329ad850dcc
90-200ms-150mbps,90,true,open,200ms/150Mbps,auto,1,23.212044499,23.212044499,,399707981,69,398034010,54,18,1.932433,498216960,894,298ae6c69203aba089ecd0c6c101147f32d4a6a9525932795189cd3c15b3904a
90-200ms-150mbps,90,true,open,200ms/150Mbps,off,1,23.214668069,23.214668069,,399705942,68,398034010,54,18,2.001241,507678720,894,8f44aa25214d32d9f9b5c83483b40013ef407766c90d29436ff33aa6dac27b68
90-200ms-150mbps,90,true,open,200ms/150Mbps,off,2,23.230066517,23.230066517,,399705824,68,398034010,54,18,2.058447,507785216,894,fc37fdf72c7823e5e55f64f5b6ed7fb591b1d00edff5bc74bcb187a860f422d7
90-200ms-150mbps,90,true,open,200ms/150Mbps,auto,2,23.225171856,23.225171856,,399703671,67,398034010,54,18,2.057116,499089408,894,0ccbfd8a2e19b12ba15e46a032786a78f4cf5337b72f1b9e320d3f5417fa2a64
90-local,90,true,open,local,off,0,0.123883135,0.123883135,,,,,,,0.789472,577384448,894,2aa96e737ad2f0eec6be959f00bc614e8765d098102ac36048d4c12fa655830e
90-local,90,true,open,local,auto,0,0.11929816,0.11929816,,,,,,,0.780605,578859008,894,9c018483a67679c624f8f41d23ee3735b9a07c5355e0d136b694c980814515dd
90-open-1ms-1000mbps,90,true,open,1ms/1000Mbps,off,0,3.325964999,3.325964999,,399974113,66,398034010,54,17,1.148298,539975680,894,72788868088d45d4aba18de60a209374f1ebd942b790f38d662e0c9ad963be71
90-open-1ms-1000mbps,90,true,open,1ms/1000Mbps,auto,0,3.34679458,3.34679458,,399976266,67,398034010,54,18,1.217862,523030528,894,a1f54e7d2983f9b3d62678cca74368fe93dc2464bed58bf0997f263a75ff5632
90-open-200ms-1000mbps,90,true,open,200ms/1000Mbps,off,0,5.355417739,5.355417739,,399539889,67,398034010,54,18,1.178096,538972160,894,2c0b8a8034790d1f514783c9b3b2d6163e7ffa079045a83d3bf08d8c61ca8de0
90-open-200ms-1000mbps,90,true,open,200ms/1000Mbps,auto,0,5.355385082,5.355385082,,399509220,68,398034010,54,18,1.15829,513945600,894,4abef571e8db1cb0c6329f0918d8f9a6e3e2d4d9da23e819c63aba00b3f0b990
90-reuse-1ms-1000mbps,90,true,reuse,1ms/1000Mbps,off,0,6.603944872,3.27412387,3.267382777,797986468,130,796068020,108,17,2.252822,633888768,894,895b05e9cdfa30924d9608e1fc657eba6ee958b21540ed256be323f7340794a4
90-reuse-1ms-1000mbps,90,true,reuse,1ms/1000Mbps,auto,0,12.04447263,3.273836396,8.701743171,611023837,28758,609066652,28738,512,5.40002,569454592,894,418b42dfc0275e320e768cf065c5771eb7df3edeb8f26c44f9662499bd508e0f
90-reuse-1ms-1000mbps-confirm,90,true,reuse,1ms/1000Mbps,off,0,6.598010535,3.263591538,3.267082944,798031492,131,796068020,108,17,2.237971,623702016,894,b31594c4252ce4abeb6e3ec5b8b7de16933bb062cbe2746ad412f631ea75efc3
90-reuse-1ms-1000mbps-confirm,90,true,reuse,1ms/1000Mbps,auto,0,11.864587277,3.263220637,8.533008339,611037749,28610,609078497,28589,512,5.320869,560455680,894,d2567f1d5be1f071737915ed1615c546ac5805d454198dc785ba4bd622635a3f
90-reuse-1ms-1000mbps-confirm,90,true,reuse,1ms/1000Mbps,auto,1,12.712480112,3.566397062,9.078755542,611046062,29690,609088701,29670,512,5.647184,539615232,894,62cf0a012123623eea728f60467c958d1c330f8c8209085e07f8e5feb4a32f71
90-reuse-1ms-1000mbps-confirm,90,true,reuse,1ms/1000Mbps,off,1,6.585674441,3.262198837,3.257572904,797960251,129,796068020,108,16,2.248581,624898048,894,23b60f5ab5256915d9b8cc6fcb00bda9711aa9cc66d848c7b174778dfa5ce00e
90-reuse-1ms-1000mbps-confirm,90,true,reuse,1ms/1000Mbps,off,2,6.589986777,3.270397221,3.254326313,798019036,130,796068020,108,16,2.096147,553627648,894,866f62764d81929a26fde5a8c19d54efed44d68ef6fb9caf162b66a628769396
90-reuse-1ms-1000mbps-confirm,90,true,reuse,1ms/1000Mbps,auto,2,12.286283515,3.271757987,8.946001069,611003933,28755,609085657,28733,512,5.406891,568381440,894,c07cba13109704064a38030a840d44d7d3ee53fdcd445a27a7f59b444b2ec8c5
90-reuse-200ms-1000mbps,90,true,reuse,200ms/1000Mbps,off,0,10.020163037,4.443069035,4.708945397,797584580,126,796068020,108,18,2.097582,602402816,894,b514532e6640fa9a72eaf40f18fe5dcc521cd8191617ce44816a21adddfd8e84
90-reuse-200ms-1000mbps,90,true,reuse,200ms/1000Mbps,auto,0,10.861169314,4.479803964,5.51722544,801761444,1784,800207868,1764,512,2.412775,503459840,894,655a99a8e2f02552b7b2b8e4f7457cb36440c8c93d9cf9a1ad612d6a89b94868
90-reuse-200ms-150mbps,90,true,reuse,200ms/150Mbps,off,0,45.540020185,22.324314741,22.312540208,797754821,129,796068020,108,18,4.008154,584744960,894,9678ee7247057b7127a4d81c2ff7128c3e94f92568e8e24904b510359d2be9c5
90-reuse-200ms-150mbps,90,true,reuse,200ms/150Mbps,auto,0,44.649042826,22.330659751,21.417263847,739065026,11077,737443847,11056,512,5.160192,513339392,894,4a47ccc7c3570581baa7ae2c06d6fa6563dadccfdfa47339b6ffaba94f0be34f
90-reuse-200ms-150mbps,90,true,reuse,200ms/150Mbps,auto,1,44.341165469,22.322426929,21.113491547,739185577,10632,737465832,10611,512,5.053332,507043840,894,e21a8e7b35754dc01a5ef2e2357f5a32f214f2caa46e53c9024cb5bab472e594
90-reuse-200ms-150mbps,90,true,reuse,200ms/150Mbps,off,1,45.527705497,22.301688912,22.323751393,797722171,129,796068020,108,18,3.539106,553148416,894,67ed9344ddaad114bf6b91db9be375ecb98e6a80297fc63a3d5dcacd31369f54
90-reuse-200ms-150mbps,90,true,reuse,200ms/150Mbps,off,2,45.556451641,22.324364315,22.328842512,797754825,129,796068020,108,18,3.789125,583233536,894,eb67e634a152df79fb18f414b275246e82fa0cf5713b15ed0eb86479f8b6cc3d
90-reuse-200ms-150mbps,90,true,reuse,200ms/150Mbps,auto,2,44.660083188,22.325195774,21.429949315,739154728,10633,737465832,10611,512,5.08347,512774144,894,a6cc5f87d3687291f5fb9718e1b57c053e97c9742aabf4e2fef1cd2187ae1082
