campaign_id,run_id,case_id,reader_id,execution_mode,repetition,order,status,open_query_ns,initialization_ns,initialization_plus_query1_ns,initialization_plus_all_queries_ns,session_elapsed_ns,startup_ns,cleanup_ns,query_0_completion_ns,query_0_first_batch_ns,query_0_output_rows,query_0_output_batches,query_1_completion_ns,query_1_first_batch_ns,query_1_output_rows,query_1_output_batches,peak_rss_bytes,process_cpu_ns,process_elapsed_ns,process_system_cpu_ns,process_user_cpu_ns,reason,requests,response_bytes,touched_parquet_objects
dar-defaults-cd3064e,production.q2.localized-timing-0,production.q2.localized,delta-arrow-reader,reuse,0,1,success,,4044990590,5736715673,7482737684,7483528794,,1771580,1691725083,1523217859,895,5,1746022011,1519886251,895,5,189734912,1342523000,7676733616,563283000,779240000,storage observer and process scheduler are separate roadmap slices,,,
dar-defaults-cd3064e,production.q2.localized-timing-1,production.q2.localized,delta-arrow-reader,reuse,1,2,success,,4023623331,5753233884,7492652610,7493420035,,1691462,1729610553,1521152122,895,5,1739418726,1521806626,895,5,173797376,1327309000,7688435440,533772000,793537000,storage observer and process scheduler are separate roadmap slices,,,
dar-defaults-cd3064e,production.q2.localized-timing-2,production.q2.localized,delta-arrow-reader,reuse,2,3,success,,4020654963,5757688588,7467102621,7467878412,,1645877,1737033625,1522445783,895,5,1709414033,1522685680,895,5,210268160,1357890000,7662917070,536646000,821244000,storage observer and process scheduler are separate roadmap slices,,,
dar-defaults-cd3064e,production.q2.localized-timing-3,production.q2.localized,delta-arrow-reader,reuse,3,4,success,,4020789553,5773019261,7502331666,7503126934,,2251311,1752229708,1523184985,895,5,1729312405,1518788909,895,5,205295616,1322761000,7692034225,543325000,779436000,storage observer and process scheduler are separate roadmap slices,,,
dar-defaults-cd3064e,production.q2.localized-timing-4,production.q2.localized,delta-arrow-reader,reuse,4,5,success,,4025751904,5753727687,7500432175,7501254562,,1628394,1727975783,1521808809,895,5,1746704488,1523971508,895,5,209321984,1349890000,7693866422,531404000,818486000,storage observer and process scheduler are separate roadmap slices,,,
r6-adf4f54-q2-localized-gatewarm-r2,r6-adf4f54-q2-localized-gatewarm-r2-00026,production.q2.localized,delta-rs,reuse,0,1,success,,1214994347,11592898757,21495211982,21495904899,,1759829,10377904410,9845592359,895,5,9902313225,9356404843,895,5,419315712,1803924000,21705629852,859920000,944004000,request/byte metrics require a separate I/O diagnostic,,,
r6-adf4f54-q2-localized-gatewarm-r2,r6-adf4f54-q2-localized-gatewarm-r2-00030,production.q2.localized,delta-rs,reuse,1,0,success,,1212517047,11603700279,21500491127,21501333741,,1673789,10391183232,10162236309,895,5,9896790848,9456442618,895,5,419315712,1698939000,21712810427,843848000,855091000,request/byte metrics require a separate I/O diagnostic,,,
r6-adf4f54-q2-localized-gatewarm-r2,r6-adf4f54-q2-localized-gatewarm-r2-00037,production.q2.localized,delta-rs,reuse,2,2,success,,1216331641,11595629118,21489826249,21490423729,,1895701,10379297477,10066178905,895,5,9894197131,9449455612,895,5,419315712,1711952000,21693571066,834801000,877151000,request/byte metrics require a separate I/O diagnostic,,,
r6-adf4f54-q2-localized-gatewarm-r2,r6-adf4f54-q2-localized-gatewarm-r2-00044,production.q2.localized,delta-rs,reuse,3,4,success,,1209987819,11595014887,21491104222,21491648894,,6793056,10385027068,10065074053,895,5,9896089335,9445256062,895,5,419315712,1745013000,21704916847,830704000,914309000,request/byte metrics require a separate I/O diagnostic,,,
r6-adf4f54-q2-localized-gatewarm-r2,r6-adf4f54-q2-localized-gatewarm-r2-00048,production.q2.localized,delta-rs,reuse,4,3,success,,1213211105,11600852239,21496244440,21496970427,,1353584,10387641134,10168814727,895,5,9895392201,9459638935,895,5,419315712,1735035000,21717469742,824994000,910041000,request/byte metrics require a separate I/O diagnostic,,,
r6-adf4f54-q2-localized-gatewarm-r2,r6-adf4f54-q2-localized-gatewarm-r2-00028,production.q2.localized,duckdb,reuse,0,3,success,,1199421945,12046539014,22862199399,22862334270,,9818936,10847117069,10847088195,895,1,10815660385,10815634567,895,1,772083712,22293916000,23361495641,1038796000,21255120000,request/byte metrics require a separate I/O diagnostic,,,
r6-adf4f54-q2-localized-gatewarm-r2,r6-adf4f54-q2-localized-gatewarm-r2-00031,production.q2.localized,duckdb,reuse,1,1,success,,1201458466,12048842462,22878603685,22878766267,,12721567,10847383996,10847336077,895,1,10829761223,10829738080,895,1,804257792,22260485000,23372880946,1035284000,21225201000,request/byte metrics require a separate I/O diagnostic,,,
r6-adf4f54-q2-localized-gatewarm-r2,r6-adf4f54-q2-localized-gatewarm-r2-00035,production.q2.localized,duckdb,reuse,2,0,success,,1199288027,12059983915,22886326760,22886475336,,7341335,10860695888,10860661574,895,1,10826342845,10826311878,895,1,757538816,12579517000,23382115748,1164983000,11414534000,request/byte metrics require a separate I/O diagnostic,,,
r6-adf4f54-q2-localized-gatewarm-r2,r6-adf4f54-q2-localized-gatewarm-r2-00042,production.q2.localized,duckdb,reuse,3,2,success,,1200572863,12044709847,22861574590,22861714549,,12960191,10844136984,10844107329,895,1,10816864743,10816833966,895,1,765816832,12568924000,23387074427,1192236000,11376688000,request/byte metrics require a separate I/O diagnostic,,,
r6-adf4f54-q2-localized-gatewarm-r2,r6-adf4f54-q2-localized-gatewarm-r2-00049,production.q2.localized,duckdb,reuse,4,4,success,,1197084755,12042423791,22867589701,22867722647,,13477592,10845339036,10845308098,895,1,10825165910,10825140052,895,1,832512000,12784168000,23366871474,1190915000,11593253000,request/byte metrics require a separate I/O diagnostic,,,
r6-adf4f54-q2-localized-gatewarm-r2,r6-adf4f54-q2-localized-gatewarm-r2-00029,production.q2.localized,polars,reuse,0,4,success,,1211857902,11449329152,21672968121,21673083585,,302301,10237471250,10237366906,895,1,10223638969,10223538853,895,1,419315712,1876146000,22242584124,846985000,1029161000,request/byte metrics require a separate I/O diagnostic,,,
r6-adf4f54-q2-localized-gatewarm-r2,r6-adf4f54-q2-localized-gatewarm-r2-00033,production.q2.localized,polars,reuse,1,3,success,,1210810035,11448555805,21671444842,21671592887,,315977,10237745770,10237650093,895,1,10222889037,10222764185,895,1,419315712,1966699000,22233800411,879025000,1087674000,request/byte metrics require a separate I/O diagnostic,,,
r6-adf4f54-q2-localized-gatewarm-r2,r6-adf4f54-q2-localized-gatewarm-r2-00036,production.q2.localized,polars,reuse,2,1,success,,1217586698,11461393818,21683035838,21683177081,,296290,10243807120,10243682679,895,1,10221642020,10221517008,895,1,419315712,2193479000,22242543799,1036823000,1156656000,request/byte metrics require a separate I/O diagnostic,,,
r6-adf4f54-q2-localized-gatewarm-r2,r6-adf4f54-q2-localized-gatewarm-r2-00040,production.q2.localized,polars,reuse,3,0,success,,1213669644,11454220707,21678703443,21678852139,,349399,10240551063,10240459974,895,1,10224482736,10224321848,895,1,419315712,2071595000,22260139450,935901000,1135694000,request/byte metrics require a separate I/O diagnostic,,,
r6-adf4f54-q2-localized-gatewarm-r2,r6-adf4f54-q2-localized-gatewarm-r2-00047,production.q2.localized,polars,reuse,4,2,success,,1214261895,11463571514,21690456011,21690707498,,318311,10249309619,10249146235,895,1,10226884497,10226782939,895,1,419315712,2098090000,22261416391,963066000,1135024000,request/byte metrics require a separate I/O diagnostic,,,
r6-adf4f54-q2-localized-gatewarm-r2,r6-adf4f54-q2-localized-gatewarm-r2-00027,production.q2.localized,spark,reuse,0,2,success,,6052981485,16565925127,24300719933,24300973483,3170955030,154400892,10512943642,,895,5,7734794806,,895,5,419315712,2836768000,29407531545,323620000,2513148000,request/byte metrics require a separate I/O diagnostic,,,
r6-adf4f54-q2-localized-gatewarm-r2,r6-adf4f54-q2-localized-gatewarm-r2-00034,production.q2.localized,spark,reuse,1,4,success,,6012333476,16298572504,23799103500,23799354487,3243942336,106197285,10286239028,,895,5,7500530996,,895,5,419315712,2853713000,28950350572,286377000,2567336000,request/byte metrics require a separate I/O diagnostic,,,
r6-adf4f54-q2-localized-gatewarm-r2,r6-adf4f54-q2-localized-gatewarm-r2-00038,production.q2.localized,spark,reuse,2,3,success,,6005955763,16308361606,23834072178,23834339143,3192397194,89833384,10302405843,,895,5,7525710572,,895,5,419315712,2828277000,28883786857,288378000,2539899000,request/byte metrics require a separate I/O diagnostic,,,
r6-adf4f54-q2-localized-gatewarm-r2,r6-adf4f54-q2-localized-gatewarm-r2-00041,production.q2.localized,spark,reuse,3,1,success,,6120901889,16544522638,23935487232,23935850907,3260842635,25130133,10423620749,,895,5,7390964594,,895,5,419315712,2840506000,29002968519,339715000,2500791000,request/byte metrics require a separate I/O diagnostic,,,
r6-adf4f54-q2-localized-gatewarm-r2,r6-adf4f54-q2-localized-gatewarm-r2-00045,production.q2.localized,spark,reuse,4,0,success,,5982687540,16229582743,23725519818,23725873084,3167537572,236382404,10246895203,,895,5,7495937075,,895,5,419315712,2853543000,28907023545,290185000,2563358000,request/byte metrics require a separate I/O diagnostic,,,
dar-defaults-cd3064e,production.q2.scattered-timing-0,production.q2.scattered,delta-arrow-reader,reuse,0,2,success,,4049562082,10303252915,16550001674,16550754201,,5934160,6253690833,5451098113,895,5,6246748759,5545704235,895,5,359653376,4733381000,16753745377,1802722000,2930659000,storage observer and process scheduler are separate roadmap slices,,,
dar-defaults-cd3064e,production.q2.scattered-timing-1,production.q2.scattered,delta-arrow-reader,reuse,1,3,success,,4096544943,10389895838,16626914650,16627675032,,14090987,6293350895,5555041617,895,5,6237018812,5454388192,895,5,393261056,4714698000,16827775680,1780399000,2934299000,storage observer and process scheduler are separate roadmap slices,,,
dar-defaults-cd3064e,production.q2.scattered-timing-2,production.q2.scattered,delta-arrow-reader,reuse,2,4,success,,4094031702,10347558012,16620758383,16621497154,,13326989,6253526310,5493493784,895,5,6273200371,5530864719,895,5,399192064,4779158000,16827941913,1777831000,3001327000,storage observer and process scheduler are separate roadmap slices,,,
dar-defaults-cd3064e,production.q2.scattered-timing-3,production.q2.scattered,delta-arrow-reader,reuse,3,5,success,,4117227819,10377979672,16623411068,16624685314,,9465378,6260751853,5471471885,895,5,6245431396,5465837325,895,5,341102592,4790382000,16833211008,1818421000,2971961000,storage observer and process scheduler are separate roadmap slices,,,
dar-defaults-cd3064e,production.q2.scattered-timing-4,production.q2.scattered,delta-arrow-reader,reuse,4,6,success,,4092926653,10317902963,16590763995,16591511854,,10127396,6224976310,5479031496,895,5,6272861032,5478107680,895,5,343482368,4744759000,16794550768,1735938000,3008821000,storage observer and process scheduler are separate roadmap slices,,,
r6-dcf2fa8-q2-scattered,r6-dcf2fa8-q2-scattered-00036,production.q2.scattered,delta-rs,reuse,0,1,success,,1256642124,11785192759,21933755216,21934278529,,6519641,10528550635,10015938968,895,5,10148562457,10117545292,895,5,447565824,1876415000,22144580163,857590000,1018825000,request/byte metrics require a separate I/O diagnostic,,,
r6-dcf2fa8-q2-scattered,r6-dcf2fa8-q2-scattered-00040,production.q2.scattered,delta-rs,reuse,1,0,success,,1260224248,11783611633,21925625434,21926131784,,1798802,10523387385,10034256285,895,5,10142013801,9901683148,895,5,447565824,1886378000,22135300223,865162000,1021216000,request/byte metrics require a separate I/O diagnostic,,,
r6-dcf2fa8-q2-scattered,r6-dcf2fa8-q2-scattered-00047,production.q2.scattered,delta-rs,reuse,2,2,success,,1258103068,11781556471,21956091329,21956607938,,1528118,10523453403,10187155166,895,5,10174534858,10060439342,895,5,447565824,1891978000,22148903745,875789000,1016189000,request/byte metrics require a separate I/O diagnostic,,,
r6-dcf2fa8-q2-scattered,r6-dcf2fa8-q2-scattered-00054,production.q2.scattered,delta-rs,reuse,3,4,success,,1257135863,11783259536,21926667039,21927069417,,7774562,10526123673,10041457557,895,5,10143407503,10108595789,895,5,447565824,1819915000,22137884835,836769000,983146000,request/byte metrics require a separate I/O diagnostic,,,
r6-dcf2fa8-q2-scattered,r6-dcf2fa8-q2-scattered-00058,production.q2.scattered,delta-rs,reuse,4,3,success,,1258252403,11784721061,21940768638,21941616723,,7119435,10526468658,10023873609,895,5,10156047577,10124067733,895,5,447565824,1886553000,22148652490,887840000,998713000,request/byte metrics require a separate I/O diagnostic,,,
r6-dcf2fa8-q2-scattered,r6-dcf2fa8-q2-scattered-00038,production.q2.scattered,duckdb,reuse,0,3,success,,1248778056,12208404522,23114681925,23114826733,,8937501,10959626466,10959589657,895,1,10906277403,10906243620,895,1,857473024,13261504000,24312691096,1250048000,12011456000,request/byte metrics require a separate I/O diagnostic,,,
r6-dcf2fa8-q2-scattered,r6-dcf2fa8-q2-scattered-00041,production.q2.scattered,duckdb,reuse,1,1,success,,1246937024,12167215859,23090036574,23090178519,,15226995,10920278835,10920240374,895,1,10922820715,10922787473,895,1,877957120,22556672000,23600583637,1036580000,21520092000,request/byte metrics require a separate I/O diagnostic,,,
r6-dcf2fa8-q2-scattered,r6-dcf2fa8-q2-scattered-00045,production.q2.scattered,duckdb,reuse,2,0,success,,1246049624,12199543224,23114531492,23114665612,,15997476,10953493600,10953456081,895,1,10914988268,10914958653,895,1,977219584,13225229000,24241338911,1295455000,11929774000,request/byte metrics require a separate I/O diagnostic,,,
r6-dcf2fa8-q2-scattered,r6-dcf2fa8-q2-scattered-00052,production.q2.scattered,duckdb,reuse,3,2,success,,1248567885,12201218762,23126877267,23127028357,,15604226,10952650877,10952616263,895,1,10925658505,10925625062,895,1,1016696832,13016974000,23880873273,1315577000,11701397000,request/byte metrics require a separate I/O diagnostic,,,
r6-dcf2fa8-q2-scattered,r6-dcf2fa8-q2-scattered-00059,production.q2.scattered,duckdb,reuse,4,4,success,,1247198943,12195806865,23120624050,23120759051,,12886117,10948607922,10948563219,895,1,10924817185,10924784985,895,1,1005969408,12912334000,23674347934,1287009000,11625325000,request/byte metrics require a separate I/O diagnostic,,,
r6-dcf2fa8-q2-scattered,r6-dcf2fa8-q2-scattered-00039,production.q2.scattered,polars,reuse,0,4,success,,1262530551,11576227046,21872194155,21872389747,,286572,10313696495,10313592081,895,1,10295967109,10295866572,895,1,447565824,2509610000,23566275142,1055199000,1454411000,request/byte metrics require a separate I/O diagnostic,,,
r6-dcf2fa8-q2-scattered,r6-dcf2fa8-q2-scattered-00043,production.q2.scattered,polars,reuse,1,3,success,,1259747649,11569512198,21864206275,21864357566,,291241,10309764549,10309674892,895,1,10294694077,10294590324,895,1,447565824,2098940000,22437686046,832826000,1266114000,request/byte metrics require a separate I/O diagnostic,,,
r6-dcf2fa8-q2-scattered,r6-dcf2fa8-q2-scattered-00046,production.q2.scattered,polars,reuse,2,1,success,,1259046037,11571060741,21867807751,21867994468,,300038,10312014704,10311909529,895,1,10296747010,10296625805,895,1,447565824,2382457000,22538144926,1055331000,1327126000,request/byte metrics require a separate I/O diagnostic,,,
r6-dcf2fa8-q2-scattered,r6-dcf2fa8-q2-scattered-00050,production.q2.scattered,polars,reuse,3,0,success,,1260762495,11571302932,21935036794,21935213591,,284528,10310540437,10310454748,895,1,10363733862,10363634778,895,1,447565824,1990225000,22692698660,840694000,1149531000,request/byte metrics require a separate I/O diagnostic,,,
r6-dcf2fa8-q2-scattered,r6-dcf2fa8-q2-scattered-00057,production.q2.scattered,polars,reuse,4,2,success,,1264251048,11572680940,21881313957,21881453726,,376590,10308429892,10308319557,895,1,10308633017,10308519576,895,1,447565824,2415947000,22763442626,1020450000,1395497000,request/byte metrics require a separate I/O diagnostic,,,
r6-dcf2fa8-q2-scattered,r6-dcf2fa8-q2-scattered-00037,production.q2.scattered,spark,reuse,0,2,success,,5861227999,19842268657,31031882811,31032122968,3174481948,432664050,13981040658,,895,5,11189614154,,895,5,447565824,3011642000,37532988015,367577000,2644065000,request/byte metrics require a separate I/O diagnostic,,,
r6-dcf2fa8-q2-scattered,r6-dcf2fa8-q2-scattered-00044,production.q2.scattered,spark,reuse,1,4,success,,5925836622,19888012073,31064044665,31064312032,3254846959,402934046,13962175451,,895,5,11176032592,,895,5,447565824,2880984000,36808398473,339583000,2541401000,request/byte metrics require a separate I/O diagnostic,,,
r6-dcf2fa8-q2-scattered,r6-dcf2fa8-q2-scattered-00048,production.q2.scattered,spark,reuse,2,3,success,,5822368227,19814890989,30973192037,30973454225,3167283456,480994597,13992522762,,895,5,11158301048,,895,5,447565824,2953381000,37124321385,330581000,2622800000,request/byte metrics require a separate I/O diagnostic,,,
r6-dcf2fa8-q2-scattered,r6-dcf2fa8-q2-scattered-00051,production.q2.scattered,spark,reuse,3,1,success,,5965981318,19928632910,31121443887,31121703459,3123314703,348213801,13962651592,,895,5,11192810977,,895,5,447565824,2855485000,36623996349,360421000,2495064000,request/byte metrics require a separate I/O diagnostic,,,
r6-dcf2fa8-q2-scattered,r6-dcf2fa8-q2-scattered-00055,production.q2.scattered,spark,reuse,4,0,success,,5868178457,19763333378,30927227381,30927503303,3165186420,31368348,13895154921,,895,5,11163894003,,895,5,447565824,3028616000,37062493412,428836000,2599780000,request/byte metrics require a separate I/O diagnostic,,,
dar-defaults-cd3064e,production.q2.localized.dv-timing-0,production.q2.localized.dv,delta-arrow-reader,reuse,0,1,success,,4428694971,6472804111,8469372030,8470194648,,2517346,2044109140,1753754229,894,5,1996567919,1758089236,894,5,218771456,1380778000,8669736257,564708000,816070000,storage observer and process scheduler are separate roadmap slices,,,
dar-defaults-cd3064e,production.q2.localized.dv-timing-1,production.q2.localized.dv,delta-arrow-reader,reuse,1,2,success,,4440396828,6435847404,8507925567,8509089468,,2673015,1995450576,1797154651,894,5,2072078163,1850986210,894,5,192745472,1376258000,8702239868,575507000,800751000,storage observer and process scheduler are separate roadmap slices,,,
dar-defaults-cd3064e,production.q2.localized.dv-timing-2,production.q2.localized.dv,delta-arrow-reader,reuse,2,3,success,,4426320656,6469923994,8468118487,8468964347,,2461632,2043603338,1753292997,894,5,1998194493,1763714924,894,5,197042176,1386187000,8664908515,568661000,817526000,storage observer and process scheduler are separate roadmap slices,,,
dar-defaults-cd3064e,production.q2.localized.dv-timing-3,production.q2.localized.dv,delta-arrow-reader,reuse,3,4,success,,4410168418,6411040121,8293750393,8294893836,,4095195,2000871703,1754630765,894,5,1882710272,1751799738,894,5,217649152,1392921000,8489282814,552090000,840831000,storage observer and process scheduler are separate roadmap slices,,,
dar-defaults-cd3064e,production.q2.localized.dv-timing-4,production.q2.localized.dv,delta-arrow-reader,reuse,4,5,success,,4442513619,6431344251,8422677080,8423813591,,1870945,1988830632,1757719932,894,5,1991332829,1839830231,894,5,201555968,1406847000,8618157837,594860000,811987000,storage observer and process scheduler are separate roadmap slices,,,
r6-09b262a-q2-localized-dv-staged,r6-09b262a-q2-localized-dv-staged-00026,production.q2.localized.dv,delta-rs,reuse,0,1,success,,1651730279,71578019334,139345297464,139345692497,,15468571,69926289055,69925356953,894,4,67767278130,67766878418,894,4,499724288,10869902000,139573281528,5430070000,5439832000,request/byte metrics require a separate I/O diagnostic,,,
r6-09b262a-q2-localized-dv-staged,r6-09b262a-q2-localized-dv-staged-00030,production.q2.localized.dv,delta-rs,reuse,1,0,success,,1650980115,71589815280,139368270644,139368528254,,17640144,69938835165,69937406822,894,4,67778455364,67777066515,894,4,596025344,10923531000,139598318965,5465748000,5457783000,request/byte metrics require a separate I/O diagnostic,,,
r6-09b262a-q2-localized-dv-staged,r6-09b262a-q2-localized-dv-staged-00037,production.q2.localized.dv,delta-rs,reuse,2,2,success,,1649791447,71587285397,139385276335,139385678942,,14427157,69937493950,69936917349,894,4,67797990938,67795753863,894,4,565944320,10903998000,139608222533,5363469000,5540529000,request/byte metrics require a separate I/O diagnostic,,,
r6-09b262a-q2-localized-dv-staged,r6-09b262a-q2-localized-dv-staged-00044,production.q2.localized.dv,delta-rs,reuse,3,4,success,,1650631385,71587201802,139378993302,139379292469,,14204385,69936570417,69932152962,894,4,67791791500,67790149300,894,4,520773632,11021750000,139590133080,5351234000,5670516000,request/byte metrics require a separate I/O diagnostic,,,
r6-09b262a-q2-localized-dv-staged,r6-09b262a-q2-localized-dv-staged-00048,production.q2.localized.dv,delta-rs,reuse,4,3,success,,1650030941,71594513713,139344901016,139345184262,,13100544,69944482772,69944064635,894,4,67750387303,67749768253,894,4,479657984,10828595000,139577857928,5328057000,5500538000,request/byte metrics require a separate I/O diagnostic,,,
r6-09b262a-q2-localized-dv-staged,r6-09b262a-q2-localized-dv-staged-00028,production.q2.localized.dv,duckdb,reuse,0,3,success,,1628525400,13761670044,25869181340,25869316491,,13133283,12133144644,12133109770,894,1,12107511296,12107482342,894,1,798056448,3066600000,26375805128,1320959000,1745641000,request/byte metrics require a separate I/O diagnostic,,,
r6-09b262a-q2-localized-dv-staged,r6-09b262a-q2-localized-dv-staged-00031,production.q2.localized.dv,duckdb,reuse,1,1,success,,1630847168,13757063729,25863292145,25863435080,,15335343,12126216561,12126186405,894,1,12106228416,12106202668,894,1,810184704,3110946000,26392989430,1344453000,1766493000,request/byte metrics require a separate I/O diagnostic,,,
r6-09b262a-q2-localized-dv-staged,r6-09b262a-q2-localized-dv-staged-00035,production.q2.localized.dv,duckdb,reuse,2,0,success,,1629098822,13770802979,25881550436,25881683132,,12110513,12141704157,12141667980,894,1,12110747457,12110708014,894,1,782761984,3078756000,26376997414,1340442000,1738314000,request/byte metrics require a separate I/O diagnostic,,,
r6-09b262a-q2-localized-dv-staged,r6-09b262a-q2-localized-dv-staged-00042,production.q2.localized.dv,duckdb,reuse,3,2,success,,1628626454,13758379975,25868921625,25869067706,,20260233,12129753521,12129723466,894,1,12110541650,12110513808,894,1,920150016,12885957000,26377661748,1243978000,11641979000,request/byte metrics require a separate I/O diagnostic,,,
r6-09b262a-q2-localized-dv-staged,r6-09b262a-q2-localized-dv-staged-00049,production.q2.localized.dv,duckdb,reuse,4,4,success,,1626653056,13747487078,25857580370,25857755455,,19314446,12120834022,12120780593,894,1,12110093292,12110069618,894,1,930840576,12881936000,26391739177,1200488000,11681448000,request/byte metrics require a separate I/O diagnostic,,,
r6-09b262a-q2-localized-dv-staged,r6-09b262a-q2-localized-dv-staged-00029,production.q2.localized.dv,polars,reuse,0,4,success,,1648223585,66050777271,130510963137,130511073982,,486464,64402553686,64402265350,894,1,64460185866,64459777758,894,1,1082028032,12222647000,131113669086,7013503000,5209144000,request/byte metrics require a separate I/O diagnostic,,,
r6-09b262a-q2-localized-dv-staged,r6-09b262a-q2-localized-dv-staged-00033,production.q2.localized.dv,polars,reuse,1,3,success,,1651863477,66309820476,131038433709,131038592784,,523692,64657956999,64657552698,894,1,64728613233,64728178115,894,1,1008308224,12237841000,131634180472,7037474000,5200367000,request/byte metrics require a separate I/O diagnostic,,,
r6-09b262a-q2-localized-dv-staged,r6-09b262a-q2-localized-dv-staged-00036,production.q2.localized.dv,polars,reuse,2,1,success,,1649089483,66040238939,130299018063,130299173873,,317119,64391149456,64390817189,894,1,64258779124,64258482533,894,1,1067106304,11666107000,130890876326,6664491000,5001616000,request/byte metrics require a separate I/O diagnostic,,,
r6-09b262a-q2-localized-dv-staged,r6-09b262a-q2-localized-dv-staged-00040,production.q2.localized.dv,polars,reuse,3,0,success,,1652187757,66482149484,131254471412,131254582468,,362603,64829961727,64829677008,894,1,64772321928,64772038892,894,1,1046691840,12299160000,131856286670,6981233000,5317927000,request/byte metrics require a separate I/O diagnostic,,,
r6-09b262a-q2-localized-dv-staged,r6-09b262a-q2-localized-dv-staged-00047,production.q2.localized.dv,polars,reuse,4,2,success,,1650134416,66244011237,130341387610,130341557115,,383312,64593876821,64593478802,894,1,64097376373,64097039808,894,1,1077530624,12390819000,130918920243,7258339000,5132480000,request/byte metrics require a separate I/O diagnostic,,,
r6-09b262a-q2-localized-dv-staged,r6-09b262a-q2-localized-dv-staged-00027,production.q2.localized.dv,spark,reuse,0,2,success,,6209823810,19109950466,28437059163,28437346708,3156862595,519117294,12900126656,,894,5,9327108697,,894,5,417394688,2842611000,33877660722,328797000,2513814000,request/byte metrics require a separate I/O diagnostic,,,
r6-09b262a-q2-localized-dv-staged,r6-09b262a-q2-localized-dv-staged-00034,production.q2.localized.dv,spark,reuse,1,4,success,,6243067079,19081957623,28519038863,28519404021,3190613644,431648550,12838890544,,894,5,9437081240,,894,5,417394688,2852890000,33899389412,326899000,2525991000,request/byte metrics require a separate I/O diagnostic,,,
r6-09b262a-q2-localized-dv-staged,r6-09b262a-q2-localized-dv-staged-00038,production.q2.localized.dv,spark,reuse,2,3,success,,6280369388,19213477344,28508967296,28509231147,3124159673,521028788,12933107956,,894,5,9295489952,,894,5,417394688,2858132000,33916106331,302237000,2555895000,request/byte metrics require a separate I/O diagnostic,,,
r6-09b262a-q2-localized-dv-staged,r6-09b262a-q2-localized-dv-staged-00041,production.q2.localized.dv,spark,reuse,3,1,success,,6223757102,19180277212,28525720606,28526016696,3260890204,453711067,12956520110,,894,5,9345443394,,894,5,417394688,2825551000,33993527063,273874000,2551677000,request/byte metrics require a separate I/O diagnostic,,,
r6-09b262a-q2-localized-dv-staged,r6-09b262a-q2-localized-dv-staged-00045,production.q2.localized.dv,spark,reuse,4,0,success,,6272564717,19089650382,28441284405,28441618867,3188471097,479829952,12817085665,,894,5,9351634023,,894,5,417394688,2818078000,33879116716,274556000,2543522000,request/byte metrics require a separate I/O diagnostic,,,
dar-defaults-cd3064e,production.q2.scattered.dv-timing-0,production.q2.scattered.dv,delta-arrow-reader,reuse,0,2,success,,4489871030,10976969271,17418991936,17419724887,,12889786,6487098241,5682074056,894,5,6442022665,5857379479,894,5,396509184,4808902000,17614246965,1821083000,2987819000,storage observer and process scheduler are separate roadmap slices,,,
dar-defaults-cd3064e,production.q2.scattered.dv-timing-1,production.q2.scattered.dv,delta-arrow-reader,reuse,1,3,success,,4428660257,10842167208,17282501410,17283291017,,10998625,6413506951,5650923329,894,5,6440334202,5660674089,894,5,401940480,4815058000,17485402640,1786189000,3028869000,storage observer and process scheduler are separate roadmap slices,,,
dar-defaults-cd3064e,production.q2.scattered.dv-timing-2,production.q2.scattered.dv,delta-arrow-reader,reuse,2,4,success,,4485138599,10998892919,17516200669,17516959338,,11863951,6513754320,5918625462,894,5,6517307750,6056686363,894,5,394932224,4837029000,17713832633,1751305000,3085724000,storage observer and process scheduler are separate roadmap slices,,,
dar-defaults-cd3064e,production.q2.scattered.dv-timing-3,production.q2.scattered.dv,delta-arrow-reader,reuse,3,5,success,,4479704649,10992195748,17497376389,17498142380,,11755500,6512491099,6306434420,894,5,6505180641,5839965502,894,5,416313344,4902420000,17703328271,1782470000,3119950000,storage observer and process scheduler are separate roadmap slices,,,
dar-defaults-cd3064e,production.q2.scattered.dv-timing-4,production.q2.scattered.dv,delta-arrow-reader,reuse,4,6,success,,4477867946,10991273186,17445926168,17446695036,,7184672,6513405240,5656819565,894,5,6454652982,5997399068,894,5,408444928,4854536000,17642382379,1825176000,3029360000,storage observer and process scheduler are separate roadmap slices,,,
r6-dcf2fa8-q2-scattered-dv-stage2,r6-dcf2fa8-q2-scattered-dv-stage2-00036,production.q2.scattered.dv,delta-rs,reuse,0,1,success,,1599168116,72100266526,140435254349,140435516946,,13223341,70501098410,70500040435,894,8,68334987823,68334121694,894,8,529068032,11052359000,140678683298,5476618000,5575741000,request/byte metrics require a separate I/O diagnostic,,,
r6-dcf2fa8-q2-scattered-dv-stage2,r6-dcf2fa8-q2-scattered-dv-stage2-00040,production.q2.scattered.dv,delta-rs,reuse,1,0,success,,1603139104,72085856931,140414268338,140414546245,,13220386,70482717827,70481020344,894,8,68328411407,68326911231,894,8,509669376,10875456000,140630093178,5442149000,5433307000,request/byte metrics require a separate I/O diagnostic,,,
r6-dcf2fa8-q2-scattered-dv-stage2,r6-dcf2fa8-q2-scattered-dv-stage2-00047,production.q2.scattered.dv,delta-rs,reuse,2,2,success,,1603077954,72093598691,140438567988,140438836086,,15321939,70490520737,70489541318,894,8,68344969297,68343290689,894,8,566317056,10984453000,140649631723,5512143000,5472310000,request/byte metrics require a separate I/O diagnostic,,,
r6-dcf2fa8-q2-scattered-dv-stage2,r6-dcf2fa8-q2-scattered-dv-stage2-00054,production.q2.scattered.dv,delta-rs,reuse,3,4,success,,1607844355,72095799920,140450149837,140450421471,,13518600,70487955565,70486008208,894,8,68354349917,68353414220,894,8,621858816,10950275000,140660175929,5557547000,5392728000,request/byte metrics require a separate I/O diagnostic,,,
r6-dcf2fa8-q2-scattered-dv-stage2,r6-dcf2fa8-q2-scattered-dv-stage2-00058,production.q2.scattered.dv,delta-rs,reuse,4,3,success,,1602804653,72075006585,140445039357,140445302275,,21029179,70472201932,70470680836,894,8,68370032772,68367992473,894,8,613175296,10891308000,140676287446,5497146000,5394162000,request/byte metrics require a separate I/O diagnostic,,,
r6-dcf2fa8-q2-scattered-dv-stage2,r6-dcf2fa8-q2-scattered-dv-stage2-00038,production.q2.scattered.dv,duckdb,reuse,0,3,success,,1578719177,13700740375,25774431985,25774561064,,15563888,12122021198,12121987125,894,1,12073691610,12073660061,894,1,960569344,12870940000,26382453068,1290459000,11580481000,request/byte metrics require a separate I/O diagnostic,,,
r6-dcf2fa8-q2-scattered-dv-stage2,r6-dcf2fa8-q2-scattered-dv-stage2-00041,production.q2.scattered.dv,duckdb,reuse,1,1,success,,1589780409,13674908096,25751975582,25752111054,,13363180,12085127687,12085085689,894,1,12077067486,12077034735,894,1,909189120,4052893000,26259346661,1442143000,2610750000,request/byte metrics require a separate I/O diagnostic,,,
r6-dcf2fa8-q2-scattered-dv-stage2,r6-dcf2fa8-q2-scattered-dv-stage2-00045,production.q2.scattered.dv,duckdb,reuse,2,0,success,,1582348899,13703102794,25778132671,25778278713,,13263996,12120753895,12120713059,894,1,12075029877,12074998970,894,1,960872448,3632053000,26274943606,1446520000,2185533000,request/byte metrics require a separate I/O diagnostic,,,
r6-dcf2fa8-q2-scattered-dv-stage2,r6-dcf2fa8-q2-scattered-dv-stage2-00052,production.q2.scattered.dv,duckdb,reuse,3,2,success,,1586221643,13698766258,25784800916,25784944613,,17304190,12112544615,12112508788,894,1,12086034658,12086000675,894,1,959733760,22702301000,26379777704,1150842000,21551459000,request/byte metrics require a separate I/O diagnostic,,,
r6-dcf2fa8-q2-scattered-dv-stage2,r6-dcf2fa8-q2-scattered-dv-stage2-00059,production.q2.scattered.dv,duckdb,reuse,4,4,success,,1590540403,13693118944,25767510331,25767645101,,15035447,12102578541,12102534249,894,1,12074391387,12074358216,894,1,912052224,12958655000,26288072441,1200405000,11758250000,request/byte metrics require a separate I/O diagnostic,,,
r6-dcf2fa8-q2-scattered-dv-stage2,r6-dcf2fa8-q2-scattered-dv-stage2-00039,production.q2.scattered.dv,polars,reuse,0,4,success,,1604503960,66656949565,131295779059,131295917497,,440759,65052445605,65052288253,894,1,64638829494,64638646014,894,1,1005404160,12946706000,132159521656,7267379000,5679327000,request/byte metrics require a separate I/O diagnostic,,,
r6-dcf2fa8-q2-scattered-dv-stage2,r6-dcf2fa8-q2-scattered-dv-stage2-00043,production.q2.scattered.dv,polars,reuse,1,3,success,,1602468496,66606255658,131839781776,131839935201,,574808,65003787162,65003657030,894,1,65233526118,65233331076,894,1,996528128,12236719000,132443781772,6931141000,5305578000,request/byte metrics require a separate I/O diagnostic,,,
r6-dcf2fa8-q2-scattered-dv-stage2,r6-dcf2fa8-q2-scattered-dv-stage2-00046,production.q2.scattered.dv,polars,reuse,2,1,success,,1604188495,66313627277,131279549585,131279922559,,473960,64709438782,64709292861,894,1,64965922308,64965779533,894,1,972259328,12457250000,131897637107,6980422000,5476828000,request/byte metrics require a separate I/O diagnostic,,,
r6-dcf2fa8-q2-scattered-dv-stage2,r6-dcf2fa8-q2-scattered-dv-stage2-00050,production.q2.scattered.dv,polars,reuse,3,0,success,,1602726359,66462346680,131323996079,131324143062,,341415,64859620321,64859463780,894,1,64861649399,64861524928,894,1,975233024,12008756000,132136724878,6848319000,5160437000,request/byte metrics require a separate I/O diagnostic,,,
r6-dcf2fa8-q2-scattered-dv-stage2,r6-dcf2fa8-q2-scattered-dv-stage2-00057,production.q2.scattered.dv,polars,reuse,4,2,success,,1606194510,66620631115,131919971800,131920090150,,370678,65014436605,65014328544,894,1,65299340685,65299198852,894,1,1002729472,12551282000,132613848294,7104775000,5446507000,request/byte metrics require a separate I/O diagnostic,,,
r6-dcf2fa8-q2-scattered-dv-stage2,r6-dcf2fa8-q2-scattered-dv-stage2-00037,production.q2.scattered.dv,spark,reuse,0,2,success,,6038678723,21378458121,33193390949,33193709331,3151735632,303768963,15339779398,,894,5,11814932828,,894,5,448159744,2894384000,38653161052,309474000,2584910000,request/byte metrics require a separate I/O diagnostic,,,
r6-dcf2fa8-q2-scattered-dv-stage2,r6-dcf2fa8-q2-scattered-dv-stage2-00044,production.q2.scattered.dv,spark,reuse,1,4,success,,6010158392,21245654916,33040724318,33040984301,3205094249,342445029,15235496524,,894,5,11795069402,,894,5,448159744,2829623000,38481806670,333775000,2495848000,request/byte metrics require a separate I/O diagnostic,,,
r6-dcf2fa8-q2-scattered-dv-stage2,r6-dcf2fa8-q2-scattered-dv-stage2-00048,production.q2.scattered.dv,spark,reuse,2,3,success,,6042075626,21370915475,33132538397,33132792108,3139284715,344625155,15328839849,,894,5,11761622922,,894,5,448159744,2824576000,38381119272,297459000,2527117000,request/byte metrics require a separate I/O diagnostic,,,
r6-dcf2fa8-q2-scattered-dv-stage2,r6-dcf2fa8-q2-scattered-dv-stage2-00051,production.q2.scattered.dv,spark,reuse,3,1,success,,6098009917,21370272315,33147183441,33147419740,3165393240,307849549,15272262398,,894,5,11776911126,,894,5,448159744,2857984000,38574472619,331601000,2526383000,request/byte metrics require a separate I/O diagnostic,,,
r6-dcf2fa8-q2-scattered-dv-stage2,r6-dcf2fa8-q2-scattered-dv-stage2-00055,production.q2.scattered.dv,spark,reuse,4,0,success,,6076700010,21364262545,33177591737,33177834999,3164833170,261754091,15287562535,,894,5,11813329192,,894,5,448159744,2840919000,38378247567,310041000,2530878000,request/byte metrics require a separate I/O diagnostic,,,
dar-defaults-cd3064e,production.q4.localized-timing-0,production.q4.localized,delta-arrow-reader,reuse,0,1,success,,3716177083,5410354321,7115558628,7116112647,,4283295,1694177238,1527209988,895,6,1705204307,1531898123,895,6,190619648,1412966000,7307553091,610454000,802512000,storage observer and process scheduler are separate roadmap slices,,,
dar-defaults-cd3064e,production.q4.localized-timing-1,production.q4.localized,delta-arrow-reader,reuse,1,2,success,,3705664938,5376214643,7060614713,7061153172,,3572455,1670549705,1532905335,895,6,1684400070,1522662952,895,6,203243520,1422740000,7253457760,602297000,820443000,storage observer and process scheduler are separate roadmap slices,,,
dar-defaults-cd3064e,production.q4.localized-timing-2,production.q4.localized,delta-arrow-reader,reuse,2,3,success,,3640507295,5335286301,7039088204,7039645839,,3886869,1694779006,1529953824,895,6,1703801903,1529680597,895,6,197660672,1401033000,7234960106,591073000,809960000,storage observer and process scheduler are separate roadmap slices,,,
dar-defaults-cd3064e,production.q4.localized-timing-3,production.q4.localized,delta-arrow-reader,reuse,3,4,success,,3789031360,5478164198,7153810770,7154382211,,3912206,1689132838,1562357634,895,6,1675646572,1539184668,895,6,198995968,1412040000,7353055316,603803000,808237000,storage observer and process scheduler are separate roadmap slices,,,
dar-defaults-cd3064e,production.q4.localized-timing-4,production.q4.localized,delta-arrow-reader,reuse,4,5,success,,3710619130,5392675644,7138098877,7138703170,,4613869,1682056514,1568099156,895,6,1745423233,1511713768,895,6,199245824,1410251000,7334864770,634087000,776164000,storage observer and process scheduler are separate roadmap slices,,,
r6-09b262a-q4-localized-final,r6-09b262a-q4-localized-final-00026,production.q4.localized,delta-rs,reuse,0,1,success,,867634629,22968338288,44637098523,44637605434,,2526243,22100703659,21078579519,895,6,21668760235,21294693149,895,6,520441856,3410955000,44827179356,1832268000,1578687000,request/byte metrics require a separate I/O diagnostic,,,
r6-09b262a-q4-localized-final,r6-09b262a-q4-localized-final-00030,production.q4.localized,delta-rs,reuse,1,0,success,,870491676,22977479121,44640984242,44641506933,,4023153,22106987445,21856848952,895,6,21663505121,21000421596,895,6,516472832,3065399000,44842034281,1700782000,1364617000,request/byte metrics require a separate I/O diagnostic,,,
r6-09b262a-q4-localized-final,r6-09b262a-q4-localized-final-00037,production.q4.localized,delta-rs,reuse,2,2,success,,864901249,22965946424,44635689905,44636185948,,3475235,22101045175,21833959683,895,6,21669743481,20365776171,895,6,509075456,3189340000,44831531631,1677279000,1512061000,request/byte metrics require a separate I/O diagnostic,,,
r6-09b262a-q4-localized-final,r6-09b262a-q4-localized-final-00044,production.q4.localized,delta-rs,reuse,3,4,success,,869881252,22977534320,44652809221,44653383136,,2925514,22107653068,21423789059,895,6,21675274901,21350016573,895,6,515047424,3362890000,44845540025,1826713000,1536177000,request/byte metrics require a separate I/O diagnostic,,,
r6-09b262a-q4-localized-final,r6-09b262a-q4-localized-final-00048,production.q4.localized,delta-rs,reuse,4,3,success,,871984770,22972521362,44642761915,44643187485,,2102836,22100536592,21819271163,895,6,21670240553,21018482595,895,6,517230592,3231660000,44838190999,1697468000,1534192000,request/byte metrics require a separate I/O diagnostic,,,
r6-09b262a-q4-localized-final,r6-09b262a-q4-localized-final-00028,production.q4.localized,duckdb,reuse,0,3,success,,868374283,23362463460,45786511879,45786674853,,17487664,22494089177,22494050966,895,1,22424048419,22424010950,895,1,1406169088,27156361000,46300731947,3115129000,24041232000,request/byte metrics require a separate I/O diagnostic,,,
r6-09b262a-q4-localized-final,r6-09b262a-q4-localized-final-00031,production.q4.localized,duckdb,reuse,1,1,success,,866849158,23328592626,45723368597,45723496384,,19059554,22461743468,22461714815,895,1,22394775971,22394745764,895,1,1246224384,5342854000,46232516441,3146015000,2196839000,request/byte metrics require a separate I/O diagnostic,,,
r6-09b262a-q4-localized-final,r6-09b262a-q4-localized-final-00035,production.q4.localized,duckdb,reuse,2,0,success,,864595593,23239388549,45699642033,45699772685,,14267132,22374792956,22374758131,895,1,22460253484,22460224620,895,1,1148235776,5558365000,46184393420,3121105000,2437260000,request/byte metrics require a separate I/O diagnostic,,,
r6-09b262a-q4-localized-final,r6-09b262a-q4-localized-final-00042,production.q4.localized,duckdb,reuse,3,2,success,,868619129,23260171920,45848053133,45848204675,,17077342,22391552791,22391511915,895,1,22587881213,22587849194,895,1,1315840000,27141765000,46366968355,2995391000,24146374000,request/byte metrics require a separate I/O diagnostic,,,
r6-09b262a-q4-localized-final,r6-09b262a-q4-localized-final-00049,production.q4.localized,duckdb,reuse,4,4,success,,865831069,23314525266,45791209727,45791342292,,17392738,22448694197,22448652439,895,1,22476684461,22476637824,895,1,1466503168,26824033000,46290028357,2995248000,23828785000,request/byte metrics require a separate I/O diagnostic,,,
r6-09b262a-q4-localized-final,r6-09b262a-q4-localized-final-00029,production.q4.localized,polars,reuse,0,4,success,,872426280,22861029430,45089710221,45089872183,,295810,21988603150,21988456578,895,1,22228680791,22228558084,895,1,447291392,3452168000,45669893878,1732801000,1719367000,request/byte metrics require a separate I/O diagnostic,,,
r6-09b262a-q4-localized-final,r6-09b262a-q4-localized-final-00033,production.q4.localized,polars,reuse,1,3,success,,869540550,22855990559,45052591495,45052725494,,242391,21986450009,21986289471,895,1,22196600936,22196478488,895,1,445591552,3169027000,45611341868,1601932000,1567095000,request/byte metrics require a separate I/O diagnostic,,,
r6-09b262a-q4-localized-final,r6-09b262a-q4-localized-final-00036,production.q4.localized,polars,reuse,2,1,success,,871469715,22858773494,44997435036,44997571359,,270443,21987303779,21987149853,895,1,22138661542,22138506935,895,1,444542976,3449923000,45561448455,1776876000,1673047000,request/byte metrics require a separate I/O diagnostic,,,
r6-09b262a-q4-localized-final,r6-09b262a-q4-localized-final-00040,production.q4.localized,polars,reuse,3,0,success,,874339574,22862657228,45002313721,45002494968,,282214,21988317654,21988178796,895,1,22139656493,22139500072,895,1,445288448,3496242000,45581167461,1749154000,1747088000,request/byte metrics require a separate I/O diagnostic,,,
r6-09b262a-q4-localized-final,r6-09b262a-q4-localized-final-00047,production.q4.localized,polars,reuse,4,2,success,,873672396,22939429885,44954197396,44954418256,,281082,22065757489,22065639450,895,1,22014767511,22014609517,895,1,444067840,3381896000,45530651959,1729719000,1652177000,request/byte metrics require a separate I/O diagnostic,,,
r6-09b262a-q4-localized-final,r6-09b262a-q4-localized-final-00027,production.q4.localized,spark,reuse,0,2,success,,5529549168,16527785163,24823343365,24823660675,3179586420,163221542,10998235995,,895,6,8295558202,,895,6,413298688,2881676000,29950037133,313211000,2568465000,request/byte metrics require a separate I/O diagnostic,,,
r6-09b262a-q4-localized-final,r6-09b262a-q4-localized-final-00034,production.q4.localized,spark,reuse,1,4,success,,5497447831,16428411962,24886394404,24886766035,3133829546,99965249,10930964131,,895,6,8457982442,,895,6,413298688,2862711000,29919971464,286198000,2576513000,request/byte metrics require a separate I/O diagnostic,,,
r6-09b262a-q4-localized-final,r6-09b262a-q4-localized-final-00038,production.q4.localized,spark,reuse,2,3,success,,5473129351,16433614295,24840812907,24841077187,3186794853,120464607,10960484944,,895,6,8407198612,,895,6,413298688,2852651000,29943777596,288398000,2564253000,request/byte metrics require a separate I/O diagnostic,,,
r6-09b262a-q4-localized-final,r6-09b262a-q4-localized-final-00041,production.q4.localized,spark,reuse,3,1,success,,5512736574,16380522935,24817955796,24818364045,3305493990,68892841,10867786361,,895,6,8437432861,,895,6,413298688,2835797000,29970265758,326546000,2509251000,request/byte metrics require a separate I/O diagnostic,,,
r6-09b262a-q4-localized-final,r6-09b262a-q4-localized-final-00045,production.q4.localized,spark,reuse,4,0,success,,5460421638,16296796519,24652392587,24652691773,3335431771,223048870,10836374881,,895,6,8355596068,,895,6,413298688,2819898000,30010137750,314138000,2505760000,request/byte metrics require a separate I/O diagnostic,,,
dar-defaults-cd3064e,production.q4.scattered-timing-0,production.q4.scattered,delta-arrow-reader,reuse,0,1,success,,3907132324,13836073079,23791802618,23792610007,,16709214,9928940755,8904842772,895,6,9955729539,8703078065,895,6,533262336,7525376000,24019692186,2779240000,4746136000,storage observer and process scheduler are separate roadmap slices,,,
dar-defaults-cd3064e,production.q4.scattered-timing-1,production.q4.scattered,delta-arrow-reader,reuse,1,2,success,,4100979875,14032473542,23982602619,23983362711,,17582325,9931493667,8706016792,895,6,9950129077,8745962962,895,6,509714432,7501153000,24192182340,2626843000,4874310000,storage observer and process scheduler are separate roadmap slices,,,
dar-defaults-cd3064e,production.q4.scattered-timing-2,production.q4.scattered,delta-arrow-reader,reuse,2,3,success,,3976864774,13971377342,23903082651,23903633614,,12439674,9994512568,8763754735,895,6,9931705309,8721120724,895,6,473939968,7487455000,24113862100,2753996000,4733459000,storage observer and process scheduler are separate roadmap slices,,,
dar-defaults-cd3064e,production.q4.scattered-timing-3,production.q4.scattered,delta-arrow-reader,reuse,3,4,success,,4683032643,15004264580,25299282189,25299849363,,16885661,10321231937,9232613913,895,6,10295017609,9231120879,895,6,486404096,7368808000,25503731203,2630352000,4738456000,storage observer and process scheduler are separate roadmap slices,,,
dar-defaults-cd3064e,production.q4.scattered-timing-4,production.q4.scattered,delta-arrow-reader,reuse,4,5,success,,4112235662,14087293789,24063868513,24064742686,,15857732,9975058127,8907984978,895,6,9976574724,8943050102,895,6,494899200,7425179000,24275347752,2713814000,4711365000,storage observer and process scheduler are separate roadmap slices,,,
r6-09b262a-q4-scattered-final,r6-09b262a-q4-scattered-final-00026,production.q4.scattered,delta-rs,reuse,0,1,success,,879292692,23478596605,45600968367,45601506126,,9502493,22599303913,22293110601,895,6,22122371762,20988804467,895,6,581976064,3440193000,45813820512,1759885000,1680308000,request/byte metrics require a separate I/O diagnostic,,,
r6-09b262a-q4-scattered-final,r6-09b262a-q4-scattered-final-00030,production.q4.scattered,delta-rs,reuse,1,0,success,,884211329,23464552384,45590206762,45590724455,,9195633,22580341055,22307141635,895,6,22125654378,21390363141,895,6,599965696,3696585000,45853351314,1870878000,1825707000,request/byte metrics require a separate I/O diagnostic,,,
r6-09b262a-q4-scattered-final,r6-09b262a-q4-scattered-final-00037,production.q4.scattered,delta-rs,reuse,2,2,success,,883775236,23477735777,45593570254,45593982349,,5935626,22593960541,22351608441,895,6,22115834477,21317566784,895,6,581828608,3748055000,45917147049,1931748000,1816307000,request/byte metrics require a separate I/O diagnostic,,,
r6-09b262a-q4-scattered-final,r6-09b262a-q4-scattered-final-00044,production.q4.scattered,delta-rs,reuse,3,4,success,,884931074,23481418561,45592500636,45593088306,,5548367,22596487487,22033953788,895,6,22111082075,21182990694,895,6,579579904,3699291000,45788598562,1885123000,1814168000,request/byte metrics require a separate I/O diagnostic,,,
r6-09b262a-q4-scattered-final,r6-09b262a-q4-scattered-final-00048,production.q4.scattered,delta-rs,reuse,4,3,success,,884412200,23469638903,45592049708,45592444611,,3031241,22585226703,22308837324,895,6,22122410805,21362385339,895,6,575512576,3677051000,45793384081,1941839000,1735212000,request/byte metrics require a separate I/O diagnostic,,,
r6-09b262a-q4-scattered-final,r6-09b262a-q4-scattered-final-00028,production.q4.scattered,duckdb,reuse,0,3,success,,878236349,23897304024,46872044470,46872188988,,21802111,23019067675,23019028062,895,1,22974740446,22974695302,895,1,1354190848,27963268000,47551874279,2958761000,25004507000,request/byte metrics require a separate I/O diagnostic,,,
r6-09b262a-q4-scattered-final,r6-09b262a-q4-scattered-final-00031,production.q4.scattered,duckdb,reuse,1,1,success,,893132831,23824003876,46851579273,46851766441,,55726591,22930871045,22930825470,895,1,23027575397,23027536294,895,1,1437663232,6610946000,48093089971,3571200000,3039746000,request/byte metrics require a separate I/O diagnostic,,,
r6-09b262a-q4-scattered-final,r6-09b262a-q4-scattered-final-00035,production.q4.scattered,duckdb,reuse,2,0,success,,877469624,23890527323,46892743362,46892883864,,25426613,23013057699,23013011133,895,1,23002216039,23002176445,895,1,1436696576,6385611000,47543854861,3507457000,2878154000,request/byte metrics require a separate I/O diagnostic,,,
r6-09b262a-q4-scattered-final,r6-09b262a-q4-scattered-final-00042,production.q4.scattered,duckdb,reuse,3,2,success,,882367584,23905587586,46932550442,46932702683,,26928203,23023220002,23023179456,895,1,23026962856,23026925276,895,1,1389518848,6288562000,47455149846,3648756000,2639806000,request/byte metrics require a separate I/O diagnostic,,,
r6-09b262a-q4-scattered-final,r6-09b262a-q4-scattered-final-00049,production.q4.scattered,duckdb,reuse,4,4,success,,883158472,23897363094,46906902140,46907055806,,29163124,23014204622,23014157004,895,1,23009539046,23009503240,895,1,1474220032,6070767000,47427794235,3421825000,2648942000,request/byte metrics require a separate I/O diagnostic,,,
r6-09b262a-q4-scattered-final,r6-09b262a-q4-scattered-final-00029,production.q4.scattered,polars,reuse,0,4,success,,888540502,23052035159,45160312078,45160531044,,283877,22163494657,22163370556,895,1,22108276919,22108144603,895,1,448016384,3426713000,45789187130,1544338000,1882375000,request/byte metrics require a separate I/O diagnostic,,,
r6-09b262a-q4-scattered-final,r6-09b262a-q4-scattered-final-00033,production.q4.scattered,polars,reuse,1,3,success,,885855151,23060371801,45169563818,45169679452,,255415,22174516650,22174395055,895,1,22109192017,22109067936,895,1,460521472,3853543000,46247178453,1749953000,2103590000,request/byte metrics require a separate I/O diagnostic,,,
r6-09b262a-q4-scattered-final,r6-09b262a-q4-scattered-final-00036,production.q4.scattered,polars,reuse,2,1,success,,889397061,23183450539,45290181869,45290324684,,256046,22294053478,22293901505,895,1,22106731330,22106603332,895,1,463695872,3722112000,45863163636,1669409000,2052703000,request/byte metrics require a separate I/O diagnostic,,,
r6-09b262a-q4-scattered-final,r6-09b262a-q4-scattered-final-00040,production.q4.scattered,polars,reuse,3,0,success,,885637968,23024937570,45136518433,45136692848,,378874,22139299602,22139190279,895,1,22111580863,22111409815,895,1,462942208,3889543000,45692257562,1755876000,2133667000,request/byte metrics require a separate I/O diagnostic,,,
r6-09b262a-q4-scattered-final,r6-09b262a-q4-scattered-final-00047,production.q4.scattered,polars,reuse,4,2,success,,882763698,23077377998,45188466175,45188598320,,267016,22194614300,22194465434,895,1,22111088177,22110918602,895,1,464674816,3576585000,45754265840,1581177000,1995408000,request/byte metrics require a separate I/O diagnostic,,,
r6-09b262a-q4-scattered-final,r6-09b262a-q4-scattered-final-00027,production.q4.scattered,spark,reuse,0,2,success,,5708159284,31238497825,54238011452,54238302743,3201872411,201401113,25530338541,,895,6,22999513627,,895,6,417214464,2860422000,59431511088,312388000,2548034000,request/byte metrics require a separate I/O diagnostic,,,
r6-09b262a-q4-scattered-final,r6-09b262a-q4-scattered-final-00034,production.q4.scattered,spark,reuse,1,4,success,,5736194386,31269721330,54275124803,54275403369,3386915698,154130862,25533526944,,895,6,23005403473,,895,6,417214464,3231219000,61437162179,450402000,2780817000,request/byte metrics require a separate I/O diagnostic,,,
r6-09b262a-q4-scattered-final,r6-09b262a-q4-scattered-final-00038,production.q4.scattered,spark,reuse,2,3,success,,5757701691,31289011057,54322058487,54322352173,3242779411,157911050,25531309366,,895,6,23033047430,,895,6,417214464,2901448000,59493862499,286733000,2614715000,request/byte metrics require a separate I/O diagnostic,,,
r6-09b262a-q4-scattered-final,r6-09b262a-q4-scattered-final-00041,production.q4.scattered,spark,reuse,3,1,success,,5665087410,31248912852,54268422295,54268712033,3204915815,154863179,25583825442,,895,6,23019509443,,895,6,417214464,2815521000,59386884589,287477000,2528044000,request/byte metrics require a separate I/O diagnostic,,,
r6-09b262a-q4-scattered-final,r6-09b262a-q4-scattered-final-00045,production.q4.scattered,spark,reuse,4,0,success,,5693439218,31264026651,54301321460,54301587555,3186358893,166867508,25570587433,,895,6,23037294809,,895,6,417214464,2819849000,59391858750,258207000,2561642000,request/byte metrics require a separate I/O diagnostic,,,
dar-defaults-cd3064e,production.q4.localized.dv-timing-0,production.q4.localized.dv,delta-arrow-reader,reuse,0,1,success,,3911525583,5930726839,7921870257,7922470903,,4714526,2019201256,1852313264,894,6,1991143418,1748808561,894,6,194158592,1435252000,8118807659,632954000,802298000,storage observer and process scheduler are separate roadmap slices,,,
dar-defaults-cd3064e,production.q4.localized.dv-timing-1,production.q4.localized.dv,delta-arrow-reader,reuse,1,2,success,,3775208267,5853676658,7847241354,7847802406,,3421715,2078468391,1879702896,894,6,1993564696,1772913120,894,6,202715136,1422613000,8047396812,614089000,808524000,storage observer and process scheduler are separate roadmap slices,,,
dar-defaults-cd3064e,production.q4.localized.dv-timing-2,production.q4.localized.dv,delta-arrow-reader,reuse,2,3,success,,3803612112,5782255020,7842157483,7842718595,,5449691,1978642908,1765004612,894,6,2059902463,1830680890,894,6,239443968,1412224000,8040335507,597568000,814656000,storage observer and process scheduler are separate roadmap slices,,,
dar-defaults-cd3064e,production.q4.localized.dv-timing-3,production.q4.localized.dv,delta-arrow-reader,reuse,3,4,success,,3815513233,5741286301,7812125623,7812718645,,4876126,1925773068,1796142111,894,6,2070839322,1822053185,894,6,208846848,1449796000,8013449623,636841000,812955000,storage observer and process scheduler are separate roadmap slices,,,
dar-defaults-cd3064e,production.q4.localized.dv-timing-4,production.q4.localized.dv,delta-arrow-reader,reuse,4,5,success,,3729750291,5673624337,7785912120,7786486888,,6237734,1943874046,1726593821,894,6,2112287783,1790326500,894,6,195186688,1410865000,7971720162,587158000,823707000,storage observer and process scheduler are separate roadmap slices,,,
r6-09b262a-q4-localized-dv-final,r6-09b262a-q4-localized-dv-final-00026,production.q4.localized.dv,delta-rs,reuse,0,1,success,,911248020,178643493901,353840655667,353841365617,,12755593,177732245881,177730755233,894,6,175197161766,175196291489,894,6,414023680,26943553000,354053661413,13926434000,13017119000,request/byte metrics require a separate I/O diagnostic,,,
r6-09b262a-q4-localized-dv-final,r6-09b262a-q4-localized-dv-final-00030,production.q4.localized.dv,delta-rs,reuse,1,0,success,,907560904,178620830574,353871726892,353872444325,,14528337,177713269670,177711619254,894,6,175250896318,175249834736,894,6,535396352,26394127000,354105231194,13336240000,13057887000,request/byte metrics require a separate I/O diagnostic,,,
r6-09b262a-q4-localized-dv-final,r6-09b262a-q4-localized-dv-final-00037,production.q4.localized.dv,delta-rs,reuse,2,2,success,,912467229,178612857941,353821499433,353822567357,,12968572,177700390712,177698769029,894,6,175208641492,175207306351,894,6,441360384,27502526000,354043010917,14091804000,13410722000,request/byte metrics require a separate I/O diagnostic,,,
r6-09b262a-q4-localized-dv-final,r6-09b262a-q4-localized-dv-final-00044,production.q4.localized.dv,delta-rs,reuse,3,4,success,,908136735,178550459295,353739427412,353740225454,,21779800,177642322560,177640845366,894,6,175188968117,175188504035,894,6,538394624,27699948000,353956948138,13622941000,14077007000,request/byte metrics require a separate I/O diagnostic,,,
r6-09b262a-q4-localized-dv-final,r6-09b262a-q4-localized-dv-final-00048,production.q4.localized.dv,delta-rs,reuse,4,3,success,,906196414,178817522913,354451930671,354453766481,,20881903,177911326499,177908979158,894,6,175634407758,175633704181,894,6,423337984,23149223000,354676744299,11408347000,11740876000,request/byte metrics require a separate I/O diagnostic,,,
r6-09b262a-q4-localized-dv-final,r6-09b262a-q4-localized-dv-final-00028,production.q4.localized.dv,duckdb,reuse,0,3,success,,903781002,24629976230,48313631268,48313803668,,22798398,23726195228,23726141779,894,1,23683655038,23683620233,894,1,1344126976,5742213000,48845383022,3344139000,2398074000,request/byte metrics require a separate I/O diagnostic,,,
r6-09b262a-q4-localized-dv-final,r6-09b262a-q4-localized-dv-final-00031,production.q4.localized.dv,duckdb,reuse,1,1,success,,908326000,24616356876,48288084259,48288230661,,20352917,23708030876,23707996873,894,1,23671727383,23671703609,894,1,1146650624,5675825000,49019661677,3220656000,2455169000,request/byte metrics require a separate I/O diagnostic,,,
r6-09b262a-q4-localized-dv-final,r6-09b262a-q4-localized-dv-final-00035,production.q4.localized.dv,duckdb,reuse,2,0,success,,909151273,24538629640,48223021355,48223157247,,20190856,23629478367,23629448983,894,1,23684391715,23684362531,894,1,1291538432,6079499000,48734547475,3248999000,2830500000,request/byte metrics require a separate I/O diagnostic,,,
r6-09b262a-q4-localized-dv-final,r6-09b262a-q4-localized-dv-final-00042,production.q4.localized.dv,duckdb,reuse,3,2,success,,905007050,24624444324,48206242217,48206419897,,20086494,23719437274,23719387682,894,1,23581797893,23581761134,894,1,1411137536,26795696000,48706240589,3021424000,23774272000,request/byte metrics require a separate I/O diagnostic,,,
r6-09b262a-q4-localized-dv-final,r6-09b262a-q4-localized-dv-final-00049,production.q4.localized.dv,duckdb,reuse,4,4,success,,911837425,24637872623,48405917443,48406076699,,21509639,23726035198,23725986327,894,1,23768044820,23768002351,894,1,1449521152,27465831000,49365223155,3213109000,24252722000,request/byte metrics require a separate I/O diagnostic,,,
r6-09b262a-q4-localized-dv-final,r6-09b262a-q4-localized-dv-final-00029,production.q4.localized.dv,polars,reuse,0,4,success,,916437210,166577637294,332467330970,332467494053,,23154280,165661200084,165660665401,894,1,165889693676,165889180623,894,1,1477103616,29905101000,333588563083,18175560000,11729541000,request/byte metrics require a separate I/O diagnostic,,,
r6-09b262a-q4-localized-dv-final,r6-09b262a-q4-localized-dv-final-00033,production.q4.localized.dv,polars,reuse,1,3,success,,914439365,167545743819,333849742453,333849888012,,330164,166631304454,166630946109,894,1,166303998634,166303462969,894,1,1474867200,30252463000,334757438650,17658203000,12594260000,request/byte metrics require a separate I/O diagnostic,,,
r6-09b262a-q4-localized-dv-final,r6-09b262a-q4-localized-dv-final-00036,production.q4.localized.dv,polars,reuse,2,1,success,,910030055,167402587599,332734187325,332734324931,,370788,166492557544,166492191444,894,1,165331599726,165331000924,894,1,1450041344,30064967000,333357622583,17570224000,12494743000,request/byte metrics require a separate I/O diagnostic,,,
r6-09b262a-q4-localized-dv-final,r6-09b262a-q4-localized-dv-final-00040,production.q4.localized.dv,polars,reuse,3,0,success,,912922235,166862580685,331811710347,331811883970,,255205,165949658450,165949037246,894,1,164949129662,164948688022,894,1,1401008128,29352050000,332446001271,17403085000,11948965000,request/byte metrics require a separate I/O diagnostic,,,
r6-09b262a-q4-localized-dv-final,r6-09b262a-q4-localized-dv-final-00047,production.q4.localized.dv,polars,reuse,4,2,success,,909764102,167005820384,333136770209,333136878349,,240567,166096056282,166095706572,894,1,166130949825,166130597761,894,1,1475534848,29570515000,333743308101,17723351000,11847164000,request/byte metrics require a separate I/O diagnostic,,,
r6-09b262a-q4-localized-dv-final,r6-09b262a-q4-localized-dv-final-00027,production.q4.localized.dv,spark,reuse,0,2,success,,5767438985,19963851620,30834364849,30834634280,3243674955,110915418,14196412635,,894,6,10870513229,,894,6,414023680,2876819000,36024086795,337918000,2538901000,request/byte metrics require a separate I/O diagnostic,,,
r6-09b262a-q4-localized-dv-final,r6-09b262a-q4-localized-dv-final-00034,production.q4.localized.dv,spark,reuse,1,4,success,,5765954088,19836752907,30676930056,30677289944,3323221878,240172274,14070798819,,894,6,10840177149,,894,6,414023680,2917229000,36661115379,365392000,2551837000,request/byte metrics require a separate I/O diagnostic,,,
r6-09b262a-q4-localized-dv-final,r6-09b262a-q4-localized-dv-final-00038,production.q4.localized.dv,spark,reuse,2,3,success,,5637745102,19692916404,30604683778,30604985778,3173924722,320147859,14055171302,,894,6,10911767374,,894,6,414023680,2779984000,35844701238,333346000,2446638000,request/byte metrics require a separate I/O diagnostic,,,
r6-09b262a-q4-localized-dv-final,r6-09b262a-q4-localized-dv-final-00041,production.q4.localized.dv,spark,reuse,3,1,success,,5879182967,19999923766,30851888278,30852165163,3175909198,124551731,14120740799,,894,6,10851964512,,894,6,414023680,2817408000,35890123179,312271000,2505137000,request/byte metrics require a separate I/O diagnostic,,,
r6-09b262a-q4-localized-dv-final,r6-09b262a-q4-localized-dv-final-00045,production.q4.localized.dv,spark,reuse,4,0,success,,5734477599,19704463319,30516480892,30516756914,3250570109,437106278,13969985720,,894,6,10812017573,,894,6,414023680,2793304000,35934137927,335318000,2457986000,request/byte metrics require a separate I/O diagnostic,,,
dar-defaults-cd3064e,production.q4.scattered.dv-timing-0,production.q4.scattered.dv,delta-arrow-reader,reuse,0,1,success,,4417020603,14904619325,25380792537,25381343730,,12417282,10487598722,9629884564,894,6,10476173212,9505119344,894,6,564891648,7479783000,25591749155,2716663000,4763120000,storage observer and process scheduler are separate roadmap slices,,,
dar-defaults-cd3064e,production.q4.scattered.dv-timing-1,production.q4.scattered.dv,delta-arrow-reader,reuse,1,2,success,,3989091511,14255911192,24515884466,24516459334,,13877663,10266819681,8895802362,894,6,10259973274,9820072489,894,6,530968576,7493987000,24729853390,2783373000,4710614000,storage observer and process scheduler are separate roadmap slices,,,
dar-defaults-cd3064e,production.q4.scattered.dv-timing-2,production.q4.scattered.dv,delta-arrow-reader,reuse,2,3,success,,3705095302,13966420087,24198866567,24199650393,,16585183,10261324785,8878643002,894,6,10232446480,9098294358,894,6,545144832,7526746000,24405225627,2734211000,4792535000,storage observer and process scheduler are separate roadmap slices,,,
dar-defaults-cd3064e,production.q4.scattered.dv-timing-3,production.q4.scattered.dv,delta-arrow-reader,reuse,3,4,success,,3691026632,13965425228,24208619941,24209187936,,12132172,10274398596,8972752546,894,6,10243194713,9409993892,894,6,504107008,7484166000,24419875244,2638936000,4845230000,storage observer and process scheduler are separate roadmap slices,,,
dar-defaults-cd3064e,production.q4.scattered.dv-timing-4,production.q4.scattered.dv,delta-arrow-reader,reuse,4,5,success,,3695237782,14059293284,24298675526,24299460484,,16214244,10364055502,8921289428,894,6,10239382242,9008016039,894,6,555360256,7557757000,24519004873,2787575000,4770182000,storage observer and process scheduler are separate roadmap slices,,,
r6-09b262a-q4-scattered-dv-final,r6-09b262a-q4-scattered-dv-final-00026,production.q4.scattered.dv,delta-rs,reuse,0,1,success,,917413741,179737676927,355989397444,355991128900,,16561684,178820263186,178818628379,894,8,176251720517,176251121995,894,8,483897344,27259857000,356216978190,13901856000,13358001000,request/byte metrics require a separate I/O diagnostic,,,
r6-09b262a-q4-scattered-dv-final,r6-09b262a-q4-scattered-dv-final-00030,production.q4.scattered.dv,delta-rs,reuse,1,0,success,,921171172,179697905140,355933633108,355934747958,,19662193,178776733968,178776113214,894,8,176235727968,176234874182,894,8,548851712,27589370000,356232559720,14120590000,13468780000,request/byte metrics require a separate I/O diagnostic,,,
r6-09b262a-q4-scattered-dv-final,r6-09b262a-q4-scattered-dv-final-00037,production.q4.scattered.dv,delta-rs,reuse,2,2,success,,919634851,180234625567,356470642923,356472092476,,13422122,179314990716,179314291417,894,8,176236017356,176235322585,894,8,510111744,25459230000,356784995893,12275239000,13183991000,request/byte metrics require a separate I/O diagnostic,,,
r6-09b262a-q4-scattered-dv-final,r6-09b262a-q4-scattered-dv-final-00044,production.q4.scattered.dv,delta-rs,reuse,3,4,success,,917165054,179708798131,355942181528,355943061693,,18802077,178791633077,178790961820,894,8,176233383397,176231818490,894,8,517890048,27458612000,356288545135,13933088000,13525524000,request/byte metrics require a separate I/O diagnostic,,,
r6-09b262a-q4-scattered-dv-final,r6-09b262a-q4-scattered-dv-final-00048,production.q4.scattered.dv,delta-rs,reuse,4,3,success,,916142603,179837261823,356148677397,356150505403,,14477063,178921119220,178920457521,894,8,176311415574,176310921336,894,8,545792000,27297972000,356500231113,13745729000,13552243000,request/byte metrics require a separate I/O diagnostic,,,
r6-09b262a-q4-scattered-dv-final,r6-09b262a-q4-scattered-dv-final-00028,production.q4.scattered.dv,duckdb,reuse,0,3,success,,916764549,25158598517,49358628847,49358774588,,21615211,24241833968,24241792060,894,1,24200030330,24199989594,894,1,1333239808,7185113000,50061244390,3427036000,3758077000,request/byte metrics require a separate I/O diagnostic,,,
r6-09b262a-q4-scattered-dv-final,r6-09b262a-q4-scattered-dv-final-00031,production.q4.scattered.dv,duckdb,reuse,1,1,success,,913076939,24997210718,49127204584,49127357608,,26285005,24084133779,24084092342,894,1,24129993866,24129951908,894,1,1241411584,6761796000,49658779966,3304872000,3456924000,request/byte metrics require a separate I/O diagnostic,,,
r6-09b262a-q4-scattered-dv-final,r6-09b262a-q4-scattered-dv-final-00035,production.q4.scattered.dv,duckdb,reuse,2,0,success,,916106505,25115351851,49290241659,49290393891,,24421303,24199245346,24199204160,894,1,24174889808,24174852037,894,1,1301819392,7695472000,50037691941,3402375000,4293097000,request/byte metrics require a separate I/O diagnostic,,,
r6-09b262a-q4-scattered-dv-final,r6-09b262a-q4-scattered-dv-final-00042,production.q4.scattered.dv,duckdb,reuse,3,2,success,,912911181,25081775983,49279756115,49279928165,,16544643,24168864802,24168819828,894,1,24197980132,24197923236,894,1,1339514880,6744332000,50211879726,3325363000,3418969000,request/byte metrics require a separate I/O diagnostic,,,
r6-09b262a-q4-scattered-dv-final,r6-09b262a-q4-scattered-dv-final-00049,production.q4.scattered.dv,duckdb,reuse,4,4,success,,914670069,25036887271,49249932565,49250073637,,19873377,24122217202,24122172780,894,1,24213045294,24212991894,894,1,1296588800,6378859000,50203439805,3391403000,2987456000,request/byte metrics require a separate I/O diagnostic,,,
r6-09b262a-q4-scattered-dv-final,r6-09b262a-q4-scattered-dv-final-00029,production.q4.scattered.dv,polars,reuse,0,4,success,,915713575,167307234510,333821317568,333821467776,,342797,166391520935,166391338986,894,1,166514083058,166513860034,894,1,1120051200,30263839000,334503140056,17663014000,12600825000,request/byte metrics require a separate I/O diagnostic,,,
r6-09b262a-q4-scattered-dv-final,r6-09b262a-q4-scattered-dv-final-00033,production.q4.scattered.dv,polars,reuse,1,3,success,,919200843,166785416546,333379283019,333379424482,,219919,165866215703,165866098285,894,1,166593866473,166593733566,894,1,1138384896,30639955000,333984668215,17951037000,12688918000,request/byte metrics require a separate I/O diagnostic,,,
r6-09b262a-q4-scattered-dv-final,r6-09b262a-q4-scattered-dv-final-00036,production.q4.scattered.dv,polars,reuse,2,1,success,,920895422,166920788658,333334006794,333334158195,,348918,165999893236,165999744579,894,1,166413218136,166413011783,894,1,1143701504,29895309000,334323036417,17477749000,12417560000,request/byte metrics require a separate I/O diagnostic,,,
r6-09b262a-q4-scattered-dv-final,r6-09b262a-q4-scattered-dv-final-00040,production.q4.scattered.dv,polars,reuse,3,0,success,,915681818,167152217094,332995223532,332995400751,,213296,166236535276,166236419500,894,1,165843006438,165842888549,894,1,1149681664,30038352000,334171473265,17694341000,12344011000,request/byte metrics require a separate I/O diagnostic,,,
r6-09b262a-q4-scattered-dv-final,r6-09b262a-q4-scattered-dv-final-00047,production.q4.scattered.dv,polars,reuse,4,2,success,,919525688,166914094266,333729740989,333729888393,,1391195,165994568578,165994430001,894,1,166815646723,166815520579,894,1,1097461760,29787016000,334604530089,17620934000,12166082000,request/byte metrics require a separate I/O diagnostic,,,
r6-09b262a-q4-scattered-dv-final,r6-09b262a-q4-scattered-dv-final-00027,production.q4.scattered.dv,spark,reuse,0,2,success,,5614541986,32562586766,56234282638,56234594497,3362957568,140654629,26948044780,,894,6,23671695872,,894,6,419807232,2896594000,61882177241,373680000,2522914000,request/byte metrics require a separate I/O diagnostic,,,
r6-09b262a-q4-scattered-dv-final,r6-09b262a-q4-scattered-dv-final-00034,production.q4.scattered.dv,spark,reuse,1,4,success,,5780301127,32529021560,56236133442,56236406720,3234667074,196042976,26748720433,,894,6,23707111882,,894,6,419807232,3046766000,62581004975,456044000,2590722000,request/byte metrics require a separate I/O diagnostic,,,
r6-09b262a-q4-scattered-dv-final,r6-09b262a-q4-scattered-dv-final-00038,production.q4.scattered.dv,spark,reuse,2,3,success,,6278508683,34376641751,57987789356,57988132002,4272537569,75780905,28098133068,,894,6,23611147605,,894,6,419807232,3433639000,66015126420,561262000,2872377000,request/byte metrics require a separate I/O diagnostic,,,
r6-09b262a-q4-scattered-dv-final,r6-09b262a-q4-scattered-dv-final-00041,production.q4.scattered.dv,spark,reuse,3,1,success,,5591254480,32318869687,55932818348,55933109619,3321973670,521623666,26727615207,,894,6,23613948661,,894,6,419807232,2911890000,61864478799,325316000,2586574000,request/byte metrics require a separate I/O diagnostic,,,
r6-09b262a-q4-scattered-dv-final,r6-09b262a-q4-scattered-dv-final-00045,production.q4.scattered.dv,spark,reuse,4,0,success,,5516262478,32356469374,56026288871,56026642188,3173722992,487526898,26840206896,,894,6,23669819497,,894,6,419807232,2851162000,61516537407,332393000,2518769000,request/byte metrics require a separate I/O diagnostic,,,
