case_id,reader_id,execution_mode,status,eligible,samples,campaign_id,warmup_source,open_query_ns_median,open_query_ns_q1,open_query_ns_q3,initialization_ns_median,initialization_ns_q1,initialization_ns_q3,initialization_plus_query1_ns_median,initialization_plus_query1_ns_q1,initialization_plus_query1_ns_q3,query_0_completion_ns_median,query_0_completion_ns_q1,query_0_completion_ns_q3,query_1_completion_ns_median,query_1_completion_ns_q1,query_1_completion_ns_q3,startup_ns_median,startup_ns_q1,startup_ns_q3,process_elapsed_ns_median,process_elapsed_ns_q1,process_elapsed_ns_q3,peak_rss_bytes_median,peak_rss_bytes_q1,peak_rss_bytes_q3
production.q2.localized,delta-arrow-reader,open,success,True,5,r6-adf4f54-q2-localized-gatewarm-r2,exact-validation-gate,5595127242.0,5586345508.0,5604979320.0,,,,,,,5595127242.0,5586345508.0,5604979320.0,,,,,,,5768917321.0,5765446809.0,5784293260.0,419315712.0,419315712.0,419315712.0
production.q2.localized,delta-rs,open,success,True,5,r6-adf4f54-q2-localized-gatewarm-r2,exact-validation-gate,11584075099.0,11576827549.0,11584834705.0,,,,,,,11584075099.0,11576827549.0,11584834705.0,,,,,,,11787032237.0,11780942754.0,11791335799.0,419315712.0,419315712.0,419315712.0
production.q2.localized,duckdb,open,success,True,5,r6-adf4f54-q2-localized-gatewarm-r2,exact-validation-gate,12856167802.0,12853135760.0,12857035046.0,,,,,,,12856167802.0,12853135760.0,12857035046.0,,,,,,,13354393847.0,13334920777.0,13365228573.0,650702848.0,595165184.0,656543744.0
production.q2.localized,polars,open,success,True,5,r6-adf4f54-q2-localized-gatewarm-r2,exact-validation-gate,11454052277.0,11451540188.0,11463804902.0,,,,,,,11454052277.0,11451540188.0,11463804902.0,,,,,,,12017800753.0,12017224407.0,12026625818.0,419315712.0,419315712.0,419315712.0
production.q2.localized,spark,open,success,True,5,r6-adf4f54-q2-localized-gatewarm-r2,exact-validation-gate,16356507229.0,16342144938.0,16367735198.0,,,,,,,16356507229.0,16342144938.0,16367735198.0,,,,3140757282.0,3125085135.0,3150827187.0,21352197820.0,21334212822.0,21387672001.0,419315712.0,419315712.0,419315712.0
production.q2.localized,delta-arrow-reader,reuse,success,True,5,r6-adf4f54-q2-localized-gatewarm-r2,exact-validation-gate,,,,1208675769.0,1207277415.0,1211341914.0,5595296516.0,5585309037.0,5608673250.0,4389939859.0,4376633268.0,4397331336.0,3767819993.0,3765620849.0,3771847532.0,,,,9546325975.0,9542473730.0,9562192865.0,419315712.0,419315712.0,419315712.0
production.q2.localized,delta-rs,reuse,success,True,5,r6-adf4f54-q2-localized-gatewarm-r2,exact-validation-gate,,,,1213211105.0,1212517047.0,1214994347.0,11595629118.0,11595014887.0,11600852239.0,10385027068.0,10379297477.0,10387641134.0,9896089335.0,9895392201.0,9896790848.0,,,,21705629852.0,21704916847.0,21712810427.0,419315712.0,419315712.0,419315712.0
production.q2.localized,duckdb,reuse,success,True,5,r6-adf4f54-q2-localized-gatewarm-r2,exact-validation-gate,,,,1199421945.0,1199288027.0,1200572863.0,12046539014.0,12044709847.0,12048842462.0,10847117069.0,10845339036.0,10847383996.0,10825165910.0,10816864743.0,10826342845.0,,,,23372880946.0,23366871474.0,23382115748.0,772083712.0,765816832.0,804257792.0
production.q2.localized,polars,reuse,success,True,5,r6-adf4f54-q2-localized-gatewarm-r2,exact-validation-gate,,,,1213669644.0,1211857902.0,1214261895.0,11454220707.0,11449329152.0,11461393818.0,10240551063.0,10237745770.0,10243807120.0,10223638969.0,10222889037.0,10224482736.0,,,,22242584124.0,22242543799.0,22260139450.0,419315712.0,419315712.0,419315712.0
production.q2.localized,spark,reuse,success,True,5,r6-adf4f54-q2-localized-gatewarm-r2,exact-validation-gate,,,,6012333476.0,6005955763.0,6052981485.0,16308361606.0,16298572504.0,16544522638.0,10302405843.0,10286239028.0,10423620749.0,7500530996.0,7495937075.0,7525710572.0,3192397194.0,3170955030.0,3243942336.0,28950350572.0,28907023545.0,29002968519.0,419315712.0,419315712.0,419315712.0
production.q2.scattered,delta-arrow-reader,open,success,True,5,r6-dcf2fa8-q2-scattered,standalone,11377543466.0,11376394844.0,11381974475.0,,,,,,,11377543466.0,11376394844.0,11381974475.0,,,,,,,11551884873.0,11548640122.0,11561077220.0,447565824.0,447565824.0,447565824.0
production.q2.scattered,delta-rs,open,success,True,5,r6-dcf2fa8-q2-scattered,standalone,11772846135.0,11771692568.0,11773352021.0,,,,,,,11772846135.0,11771692568.0,11773352021.0,,,,,,,11970029169.0,11967739880.0,11971742071.0,447565824.0,447565824.0,447565824.0
production.q2.scattered,duckdb,open,success,True,5,r6-dcf2fa8-q2-scattered,standalone,13031037044.0,13029899892.0,13037994181.0,,,,,,,13031037044.0,13029899892.0,13037994181.0,,,,,,,13830148685.0,13565053705.0,14031134261.0,699895808.0,691302400.0,704344064.0
production.q2.scattered,polars,open,success,True,5,r6-dcf2fa8-q2-scattered,standalone,11604959443.0,11573544360.0,11641869210.0,,,,,,,11604959443.0,11573544360.0,11641869210.0,,,,,,,12278859955.0,12238514428.0,12830378639.0,447565824.0,447565824.0,447565824.0
production.q2.scattered,spark,open,success,True,5,r6-dcf2fa8-q2-scattered,standalone,19868164876.0,19771501210.0,19903079199.0,,,,,,,19868164876.0,19771501210.0,19903079199.0,,,,3192968375.0,3160864913.0,3193926797.0,25789662132.0,25717441081.0,26438572368.0,447565824.0,447565824.0,447565824.0
production.q2.scattered,delta-arrow-reader,reuse,success,True,5,r6-dcf2fa8-q2-scattered,standalone,,,,1256441999.0,1255683671.0,1256662152.0,11387923042.0,11386857442.0,11390180853.0,10131481043.0,10129400158.0,10133518701.0,10124850380.0,10120017068.0,10125458284.0,,,,21693497159.0,21692855588.0,21695645699.0,447565824.0,447565824.0,447565824.0
production.q2.scattered,delta-rs,reuse,success,True,5,r6-dcf2fa8-q2-scattered,standalone,,,,1258103068.0,1257135863.0,1258252403.0,11783611633.0,11783259536.0,11784721061.0,10526123673.0,10523453403.0,10526468658.0,10148562457.0,10143407503.0,10156047577.0,,,,22144580163.0,22137884835.0,22148652490.0,447565824.0,447565824.0,447565824.0
production.q2.scattered,duckdb,reuse,success,True,5,r6-dcf2fa8-q2-scattered,standalone,,,,1247198943.0,1246937024.0,1248567885.0,12199543224.0,12195806865.0,12201218762.0,10952650877.0,10948607922.0,10953493600.0,10922820715.0,10914988268.0,10924817185.0,,,,23880873273.0,23674347934.0,24241338911.0,977219584.0,877957120.0,1005969408.0
production.q2.scattered,polars,reuse,success,True,5,r6-dcf2fa8-q2-scattered,standalone,,,,1260762495.0,1259747649.0,1262530551.0,11571302932.0,11571060741.0,11572680940.0,10310540437.0,10309764549.0,10312014704.0,10296747010.0,10295967109.0,10308633017.0,,,,22692698660.0,22538144926.0,22763442626.0,447565824.0,447565824.0,447565824.0
production.q2.scattered,spark,reuse,success,True,5,r6-dcf2fa8-q2-scattered,standalone,,,,5868178457.0,5861227999.0,5925836622.0,19842268657.0,19814890989.0,19888012073.0,13962651592.0,13962175451.0,13981040658.0,11176032592.0,11163894003.0,11189614154.0,3167283456.0,3165186420.0,3174481948.0,37062493412.0,36808398473.0,37124321385.0,447565824.0,447565824.0,447565824.0
production.q2.localized.dv,delta-arrow-reader,open,success,True,5,r6-09b262a-q2-localized-dv-staged,exact-validation-gate,6180740507.0,6152871227.0,6347779632.0,,,,,,,6180740507.0,6152871227.0,6347779632.0,,,,,,,6353008047.0,6330755217.0,6521705001.0,417394688.0,417394688.0,417394688.0
production.q2.localized.dv,delta-rs,open,success,True,5,r6-09b262a-q2-localized-dv-staged,exact-validation-gate,71563476898.0,71559327476.0,71565722256.0,,,,,,,71563476898.0,71559327476.0,71565722256.0,,,,,,,71774990221.0,71767691338.0,71785963353.0,417394688.0,417394688.0,417394688.0
production.q2.localized.dv,duckdb,open,success,True,5,r6-09b262a-q2-localized-dv-staged,exact-validation-gate,14968086976.0,14967853511.0,14970560011.0,,,,,,,14968086976.0,14967853511.0,14970560011.0,,,,,,,15482545422.0,15481676727.0,15483116269.0,636809216.0,635265024.0,637886464.0
production.q2.localized.dv,polars,open,success,True,5,r6-09b262a-q2-localized-dv-staged,exact-validation-gate,66347544291.0,66346561368.0,66410759295.0,,,,,,,66347544291.0,66346561368.0,66410759295.0,,,,,,,66941059595.0,66931764312.0,67007737170.0,1046077440.0,1040986112.0,1060872192.0
production.q2.localized.dv,spark,open,success,True,5,r6-09b262a-q2-localized-dv-staged,exact-validation-gate,19066148028.0,19040550056.0,19152428781.0,,,,,,,19066148028.0,19040550056.0,19152428781.0,,,,3185541126.0,3170175325.0,3187898253.0,24375688765.0,24371212423.0,24381299231.0,417394688.0,417394688.0,417394688.0
production.q2.localized.dv,delta-arrow-reader,reuse,success,True,5,r6-09b262a-q2-localized-dv-staged,exact-validation-gate,,,,1650640875.0,1650284785.0,1651373232.0,6326013426.0,6291302332.0,6359344519.0,4672738500.0,4641347961.0,4709059734.0,4066634781.0,4054532609.0,4095639683.0,,,,10598956280.0,10482454219.0,10621032219.0,417394688.0,417394688.0,417394688.0
production.q2.localized.dv,delta-rs,reuse,success,True,5,r6-09b262a-q2-localized-dv-staged,exact-validation-gate,,,,1650631385.0,1650030941.0,1650980115.0,71587285397.0,71587201802.0,71589815280.0,69937493950.0,69936570417.0,69938835165.0,67778455364.0,67767278130.0,67791791500.0,,,,139590133080.0,139577857928.0,139598318965.0,520773632.0,499724288.0,565944320.0
production.q2.localized.dv,duckdb,reuse,success,True,5,r6-09b262a-q2-localized-dv-staged,exact-validation-gate,,,,1628626454.0,1628525400.0,1629098822.0,13758379975.0,13757063729.0,13761670044.0,12129753521.0,12126216561.0,12133144644.0,12110093292.0,12107511296.0,12110541650.0,,,,26377661748.0,26376997414.0,26391739177.0,810184704.0,798056448.0,920150016.0
production.q2.localized.dv,polars,reuse,success,True,5,r6-09b262a-q2-localized-dv-staged,exact-validation-gate,,,,1650134416.0,1649089483.0,1651863477.0,66244011237.0,66050777271.0,66309820476.0,64593876821.0,64402553686.0,64657956999.0,64460185866.0,64258779124.0,64728613233.0,,,,131113669086.0,130918920243.0,131634180472.0,1067106304.0,1046691840.0,1077530624.0
production.q2.localized.dv,spark,reuse,success,True,5,r6-09b262a-q2-localized-dv-staged,exact-validation-gate,,,,6243067079.0,6223757102.0,6272564717.0,19109950466.0,19089650382.0,19180277212.0,12900126656.0,12838890544.0,12933107956.0,9345443394.0,9327108697.0,9351634023.0,3188471097.0,3156862595.0,3190613644.0,33899389412.0,33879116716.0,33916106331.0,417394688.0,417394688.0,417394688.0
production.q2.scattered.dv,delta-arrow-reader,open,success,True,5,r6-dcf2fa8-q2-scattered-dv-stage2,standalone,11968107007.0,11952404560.0,11973316468.0,,,,,,,11968107007.0,11952404560.0,11973316468.0,,,,,,,12145934898.0,12121671484.0,12162774999.0,448159744.0,448159744.0,448159744.0
production.q2.scattered.dv,delta-rs,open,success,True,5,r6-dcf2fa8-q2-scattered-dv-stage2,standalone,72086165454.0,72086050543.0,72098076817.0,,,,,,,72086165454.0,72086050543.0,72098076817.0,,,,,,,72299547916.0,72291824254.0,72299802806.0,448159744.0,448159744.0,448159744.0
production.q2.scattered.dv,duckdb,open,success,True,5,r6-dcf2fa8-q2-scattered-dv-stage2,standalone,14900038215.0,14891921198.0,14902829468.0,,,,,,,14900038215.0,14891921198.0,14902829468.0,,,,,,,15567779426.0,15421648165.0,15605295685.0,707051520.0,695701504.0,712318976.0
production.q2.scattered.dv,polars,open,success,True,5,r6-dcf2fa8-q2-scattered-dv-stage2,standalone,66285572599.0,66267000104.0,66287736197.0,,,,,,,66285572599.0,66267000104.0,66287736197.0,,,,,,,66865380698.0,66857227091.0,67038270823.0,969379840.0,956731392.0,976297984.0
production.q2.scattered.dv,spark,open,success,True,5,r6-dcf2fa8-q2-scattered-dv-stage2,standalone,21331893730.0,21234116567.0,21375988080.0,,,,,,,21331893730.0,21234116567.0,21375988080.0,,,,3257903633.0,3191085678.0,3259679742.0,26586823680.0,26566627267.0,26861947244.0,448159744.0,448159744.0,448159744.0
production.q2.scattered.dv,delta-arrow-reader,reuse,success,True,5,r6-dcf2fa8-q2-scattered-dv-stage2,standalone,,,,1605233145.0,1604135934.0,1605268060.0,11976645613.0,11957314251.0,11986554571.0,10371377553.0,10353714559.0,10381321426.0,10350419175.0,10349100396.0,10354340648.0,,,,22505365090.0,22488327530.0,22512899535.0,448159744.0,448159744.0,448159744.0
production.q2.scattered.dv,delta-rs,reuse,success,True,5,r6-dcf2fa8-q2-scattered-dv-stage2,standalone,,,,1603077954.0,1602804653.0,1603139104.0,72093598691.0,72085856931.0,72095799920.0,70487955565.0,70482717827.0,70490520737.0,68344969297.0,68334987823.0,68354349917.0,,,,140660175929.0,140649631723.0,140676287446.0,566317056.0,529068032.0,613175296.0
production.q2.scattered.dv,duckdb,reuse,success,True,5,r6-dcf2fa8-q2-scattered-dv-stage2,standalone,,,,1586221643.0,1582348899.0,1589780409.0,13698766258.0,13693118944.0,13700740375.0,12112544615.0,12102578541.0,12120753895.0,12075029877.0,12074391387.0,12077067486.0,,,,26288072441.0,26274943606.0,26379777704.0,959733760.0,912052224.0,960569344.0
production.q2.scattered.dv,polars,reuse,success,True,5,r6-dcf2fa8-q2-scattered-dv-stage2,standalone,,,,1604188495.0,1602726359.0,1604503960.0,66606255658.0,66462346680.0,66620631115.0,65003787162.0,64859620321.0,65014436605.0,64965922308.0,64861649399.0,65233526118.0,,,,132159521656.0,132136724878.0,132443781772.0,996528128.0,975233024.0,1002729472.0
production.q2.scattered.dv,spark,reuse,success,True,5,r6-dcf2fa8-q2-scattered-dv-stage2,standalone,,,,6042075626.0,6038678723.0,6076700010.0,21370272315.0,21364262545.0,21370915475.0,15287562535.0,15272262398.0,15328839849.0,11795069402.0,11776911126.0,11813329192.0,3164833170.0,3151735632.0,3165393240.0,38481806670.0,38381119272.0,38574472619.0,448159744.0,448159744.0,448159744.0
production.q4.localized,delta-arrow-reader,open,success,True,5,r6-09b262a-q4-localized-final,exact-validation-gate,6989815432.0,6957379287.0,7034567837.0,,,,,,,6989815432.0,6957379287.0,7034567837.0,,,,,,,7164508692.0,7126606514.0,7208652628.0,413298688.0,413298688.0,413298688.0
production.q4.localized,delta-rs,open,success,True,5,r6-09b262a-q4-localized-final,exact-validation-gate,22965990303.0,22963296598.0,22966875085.0,,,,,,,22965990303.0,22963296598.0,22966875085.0,,,,,,,23160550916.0,23154634297.0,23160557810.0,510050304.0,504430592.0,510517248.0
production.q4.localized,duckdb,open,success,True,5,r6-09b262a-q4-localized-final,exact-validation-gate,23816190707.0,23786130014.0,23851415945.0,,,,,,,23816190707.0,23786130014.0,23851415945.0,,,,,,,24318877601.0,24279656812.0,24353284319.0,1091272704.0,1030340608.0,1124904960.0
production.q4.localized,polars,open,success,True,5,r6-09b262a-q4-localized-final,exact-validation-gate,22860948770.0,22858783467.0,23010336641.0,,,,,,,22860948770.0,22858783467.0,23010336641.0,,,,,,,23557544877.0,23430182735.0,23582193691.0,445001728.0,442003456.0,445161472.0
production.q4.localized,spark,open,success,True,5,r6-09b262a-q4-localized-final,exact-validation-gate,16432976416.0,16402042842.0,16441189248.0,,,,,,,16432976416.0,16402042842.0,16441189248.0,,,,3236420272.0,3154907329.0,3252806111.0,21914803939.0,21885754125.0,21937479318.0,413298688.0,413298688.0,413298688.0
production.q4.localized,delta-arrow-reader,reuse,success,True,5,r6-09b262a-q4-localized-final,exact-validation-gate,,,,870231773.0,866941962.0,870384530.0,7035579382.0,7035069266.0,7039956266.0,6164684736.0,6164664491.0,6173014304.0,4299890878.0,4298620053.0,4301897460.0,,,,11516405008.0,11511490095.0,11519970625.0,413298688.0,413298688.0,413298688.0
production.q4.localized,delta-rs,reuse,success,True,5,r6-09b262a-q4-localized-final,exact-validation-gate,,,,869881252.0,867634629.0,870491676.0,22972521362.0,22968338288.0,22977479121.0,22101045175.0,22100703659.0,22106987445.0,21669743481.0,21668760235.0,21670240553.0,,,,44838190999.0,44831531631.0,44842034281.0,516472832.0,515047424.0,517230592.0
production.q4.localized,duckdb,reuse,success,True,5,r6-09b262a-q4-localized-final,exact-validation-gate,,,,866849158.0,865831069.0,868374283.0,23314525266.0,23260171920.0,23328592626.0,22448694197.0,22391552791.0,22461743468.0,22460253484.0,22424048419.0,22476684461.0,,,,46290028357.0,46232516441.0,46300731947.0,1315840000.0,1246224384.0,1406169088.0
production.q4.localized,polars,reuse,success,True,5,r6-09b262a-q4-localized-final,exact-validation-gate,,,,872426280.0,871469715.0,873672396.0,22861029430.0,22858773494.0,22862657228.0,21988317654.0,21987303779.0,21988603150.0,22139656493.0,22138661542.0,22196600936.0,,,,45581167461.0,45561448455.0,45611341868.0,445288448.0,444542976.0,445591552.0
production.q4.localized,spark,reuse,success,True,5,r6-09b262a-q4-localized-final,exact-validation-gate,,,,5497447831.0,5473129351.0,5512736574.0,16428411962.0,16380522935.0,16433614295.0,10930964131.0,10867786361.0,10960484944.0,8407198612.0,8355596068.0,8437432861.0,3186794853.0,3179586420.0,3305493990.0,29950037133.0,29943777596.0,29970265758.0,413298688.0,413298688.0,413298688.0
production.q4.scattered,delta-arrow-reader,open,success,True,5,r6-09b262a-q4-scattered-final,exact-validation-gate,22948957922.0,22945851508.0,22951606133.0,,,,,,,22948957922.0,22945851508.0,22951606133.0,,,,,,,23209393228.0,23133109766.0,23214282927.0,475623424.0,471113728.0,486981632.0
production.q4.scattered,delta-rs,open,success,True,5,r6-09b262a-q4-scattered-final,exact-validation-gate,23470995086.0,23466190683.0,23481102378.0,,,,,,,23470995086.0,23466190683.0,23481102378.0,,,,,,,23812972421.0,23687905669.0,24150685612.0,538083328.0,533053440.0,548438016.0
production.q4.scattered,duckdb,open,success,True,5,r6-09b262a-q4-scattered-final,exact-validation-gate,24387864466.0,24383602126.0,24398215747.0,,,,,,,24387864466.0,24383602126.0,24398215747.0,,,,,,,25375021826.0,25283778885.0,25876067282.0,1129738240.0,1071583232.0,1141915648.0
production.q4.scattered,polars,open,success,True,5,r6-09b262a-q4-scattered-final,exact-validation-gate,23026998881.0,23022240700.0,23038691521.0,,,,,,,23026998881.0,23022240700.0,23038691521.0,,,,,,,24826151261.0,24634040988.0,25152141049.0,434495488.0,430030848.0,436375552.0
production.q4.scattered,spark,open,success,True,5,r6-09b262a-q4-scattered-final,exact-validation-gate,31456052925.0,31398488581.0,31472065247.0,,,,,,,31456052925.0,31398488581.0,31472065247.0,,,,3190251764.0,3180032569.0,3239649027.0,38229748187.0,37871785891.0,39009821151.0,417214464.0,417214464.0,417214464.0
production.q4.scattered,delta-arrow-reader,reuse,success,True,5,r6-09b262a-q4-scattered-final,exact-validation-gate,,,,880351857.0,880012106.0,882684893.0,22953989321.0,22949073060.0,22956872514.0,22073977215.0,22067736986.0,22076520657.0,22062737509.0,22061412201.0,22062987863.0,,,,45199416317.0,45195959417.0,45208324395.0,563675136.0,549502976.0,577163264.0
production.q4.scattered,delta-rs,reuse,success,True,5,r6-09b262a-q4-scattered-final,exact-validation-gate,,,,884211329.0,883775236.0,884412200.0,23477735777.0,23469638903.0,23478596605.0,22593960541.0,22585226703.0,22596487487.0,22122371762.0,22115834477.0,22122410805.0,,,,45813820512.0,45793384081.0,45853351314.0,581828608.0,579579904.0,581976064.0
production.q4.scattered,duckdb,reuse,success,True,5,r6-09b262a-q4-scattered-final,exact-validation-gate,,,,882367584.0,878236349.0,883158472.0,23897304024.0,23890527323.0,23897363094.0,23014204622.0,23013057699.0,23019067675.0,23009539046.0,23002216039.0,23026962856.0,,,,47543854861.0,47455149846.0,47551874279.0,1436696576.0,1389518848.0,1437663232.0
production.q4.scattered,polars,reuse,success,True,5,r6-09b262a-q4-scattered-final,exact-validation-gate,,,,885855151.0,885637968.0,888540502.0,23060371801.0,23052035159.0,23077377998.0,22174516650.0,22163494657.0,22194614300.0,22109192017.0,22108276919.0,22111088177.0,,,,45789187130.0,45754265840.0,45863163636.0,462942208.0,460521472.0,463695872.0
production.q4.scattered,spark,reuse,success,True,5,r6-09b262a-q4-scattered-final,exact-validation-gate,,,,5708159284.0,5693439218.0,5736194386.0,31264026651.0,31248912852.0,31269721330.0,25533526944.0,25531309366.0,25570587433.0,23019509443.0,23005403473.0,23033047430.0,3204915815.0,3201872411.0,3242779411.0,59431511088.0,59391858750.0,59493862499.0,417214464.0,417214464.0,417214464.0
production.q4.localized.dv,delta-arrow-reader,open,success,True,5,r6-09b262a-q4-localized-dv-final,exact-validation-gate,7328940971.0,7306610301.0,7336653444.0,,,,,,,7328940971.0,7306610301.0,7336653444.0,,,,,,,7505835314.0,7493113412.0,7513238774.0,414023680.0,414023680.0,414023680.0
production.q4.localized.dv,delta-rs,open,success,True,5,r6-09b262a-q4-localized-dv-final,exact-validation-gate,178587696175.0,178578867354.0,178590798910.0,,,,,,,178587696175.0,178578867354.0,178590798910.0,,,,,,,178796574174.0,178790532625.0,178796990431.0,414023680.0,414023680.0,414023680.0
production.q4.localized.dv,duckdb,open,success,True,5,r6-09b262a-q4-localized-dv-final,exact-validation-gate,25090826623.0,25083463657.0,25098228091.0,,,,,,,25090826623.0,25083463657.0,25098228091.0,,,,,,,25629883546.0,25608108098.0,25666664776.0,978673664.0,892481536.0,1007390720.0
production.q4.localized.dv,polars,open,success,True,5,r6-09b262a-q4-localized-dv-final,exact-validation-gate,166612642181.0,166254145585.0,167017986721.0,,,,,,,166612642181.0,166254145585.0,167017986721.0,,,,,,,167226054189.0,166912725266.0,167623132984.0,1457758208.0,1387065344.0,1464446976.0
production.q4.localized.dv,spark,open,success,True,5,r6-09b262a-q4-localized-dv-final,exact-validation-gate,19821878169.0,19794812157.0,19823527680.0,,,,,,,19821878169.0,19794812157.0,19823527680.0,,,,3268677732.0,3265043422.0,3321690815.0,25018774260.0,25011078350.0,25035265565.0,414023680.0,414023680.0,414023680.0
production.q4.localized.dv,delta-arrow-reader,reuse,success,True,5,r6-09b262a-q4-localized-dv-final,exact-validation-gate,,,,911425353.0,910519222.0,911445996.0,7307200265.0,7306200282.0,7416280944.0,6399781667.0,6395681060.0,6504855591.0,4508170510.0,4505864104.0,4509649160.0,,,,11987528782.0,11987430055.0,12102866377.0,414023680.0,414023680.0,414023680.0
production.q4.localized.dv,delta-rs,reuse,success,True,5,r6-09b262a-q4-localized-dv-final,exact-validation-gate,,,,908136735.0,907560904.0,911248020.0,178620830574.0,178612857941.0,178643493901.0,177713269670.0,177700390712.0,177732245881.0,175208641492.0,175197161766.0,175250896318.0,,,,354053661413.0,354043010917.0,354105231194.0,441360384.0,423337984.0,535396352.0
production.q4.localized.dv,duckdb,reuse,success,True,5,r6-09b262a-q4-localized-dv-final,exact-validation-gate,,,,908326000.0,905007050.0,909151273.0,24624444324.0,24616356876.0,24629976230.0,23719437274.0,23708030876.0,23726035198.0,23683655038.0,23671727383.0,23684391715.0,,,,48845383022.0,48734547475.0,49019661677.0,1344126976.0,1291538432.0,1411137536.0
production.q4.localized.dv,polars,reuse,success,True,5,r6-09b262a-q4-localized-dv-final,exact-validation-gate,,,,912922235.0,910030055.0,914439365.0,167005820384.0,166862580685.0,167402587599.0,166096056282.0,165949658450.0,166492557544.0,165889693676.0,165331599726.0,166130949825.0,,,,333588563083.0,333357622583.0,333743308101.0,1474867200.0,1450041344.0,1475534848.0
production.q4.localized.dv,spark,reuse,success,True,5,r6-09b262a-q4-localized-dv-final,exact-validation-gate,,,,5765954088.0,5734477599.0,5767438985.0,19836752907.0,19704463319.0,19963851620.0,14070798819.0,14055171302.0,14120740799.0,10851964512.0,10840177149.0,10870513229.0,3243674955.0,3175909198.0,3250570109.0,35934137927.0,35890123179.0,36024086795.0,414023680.0,414023680.0,414023680.0
production.q4.scattered.dv,delta-arrow-reader,open,success,True,5,r6-09b262a-q4-scattered-dv-final,exact-validation-gate,23267241393.0,23266989137.0,23288445097.0,,,,,,,23267241393.0,23266989137.0,23288445097.0,,,,,,,23510381480.0,23480923997.0,23513550839.0,495910912.0,493981696.0,500826112.0
production.q4.scattered.dv,delta-rs,open,success,True,5,r6-09b262a-q4-scattered-dv-final,exact-validation-gate,179728561063.0,179718389085.0,179734927787.0,,,,,,,179728561063.0,179718389085.0,179734927787.0,,,,,,,179986839566.0,179956827276.0,180056910524.0,420909056.0,419807232.0,421437440.0
production.q4.scattered.dv,duckdb,open,success,True,5,r6-09b262a-q4-scattered-dv-final,exact-validation-gate,25599671417.0,25557311466.0,25607027308.0,,,,,,,25599671417.0,25557311466.0,25607027308.0,,,,,,,26291910152.0,26286016191.0,26359189740.0,1099567104.0,999178240.0,1105453056.0
production.q4.scattered.dv,polars,open,success,True,5,r6-09b262a-q4-scattered-dv-final,exact-validation-gate,167075011080.0,166865401884.0,167464154444.0,,,,,,,167075011080.0,166865401884.0,167464154444.0,,,,,,,167976511150.0,167721164519.0,168184605308.0,1093677056.0,1090424832.0,1095024640.0
production.q4.scattered.dv,spark,open,success,True,5,r6-09b262a-q4-scattered-dv-final,exact-validation-gate,32477494443.0,32412627414.0,32489720402.0,,,,,,,32477494443.0,32412627414.0,32489720402.0,,,,3248670506.0,3248429699.0,3326093672.0,38343128177.0,37996835876.0,38404054150.0,419807232.0,419807232.0,419807232.0
production.q4.scattered.dv,delta-arrow-reader,reuse,success,True,5,r6-09b262a-q4-scattered-dv-final,exact-validation-gate,,,,918359967.0,916910351.0,918905826.0,23279618425.0,23270935963.0,23291069169.0,22362708074.0,22352575996.0,22369646660.0,22348931086.0,22327617906.0,22359649814.0,,,,45818680999.0,45815770391.0,45845791477.0,574885888.0,565432320.0,584200192.0
production.q4.scattered.dv,delta-rs,reuse,success,True,5,r6-09b262a-q4-scattered-dv-final,exact-validation-gate,,,,917413741.0,917165054.0,919634851.0,179737676927.0,179708798131.0,179837261823.0,178820263186.0,178791633077.0,178921119220.0,176236017356.0,176235727968.0,176251720517.0,,,,356288545135.0,356232559720.0,356500231113.0,517890048.0,510111744.0,545792000.0
production.q4.scattered.dv,duckdb,reuse,success,True,5,r6-09b262a-q4-scattered-dv-final,exact-validation-gate,,,,914670069.0,913076939.0,916106505.0,25081775983.0,25036887271.0,25115351851.0,24168864802.0,24122217202.0,24199245346.0,24197980132.0,24174889808.0,24200030330.0,,,,50061244390.0,50037691941.0,50203439805.0,1301819392.0,1296588800.0,1333239808.0
production.q4.scattered.dv,polars,reuse,success,True,5,r6-09b262a-q4-scattered-dv-final,exact-validation-gate,,,,919200843.0,915713575.0,919525688.0,166920788658.0,166914094266.0,167152217094.0,165999893236.0,165994568578.0,166236535276.0,166514083058.0,166413218136.0,166593866473.0,,,,334323036417.0,334171473265.0,334503140056.0,1138384896.0,1120051200.0,1143701504.0
production.q4.scattered.dv,spark,reuse,success,True,5,r6-09b262a-q4-scattered-dv-final,exact-validation-gate,,,,5614541986.0,5591254480.0,5780301127.0,32529021560.0,32356469374.0,32562586766.0,26840206896.0,26748720433.0,26948044780.0,23669819497.0,23613948661.0,23671695872.0,3321973670.0,3234667074.0,3362957568.0,61882177241.0,61864478799.0,62581004975.0,419807232.0,419807232.0,419807232.0
